authors,title,year,journal,volume,issue,pages,doi,pdf_url,institution,tags
Davina Di Cara,European Space Agency activities on Electric Propulsion for CubeSats,2025,"IEPC 2025 (39th International Electric Propulsion Conference), London",,,,,https://www.electricrocket.org/IEPC_2025/London/submission_1.pdf,European Space Agency,The Netherlands
Davina Di Cara,European Space Agency activities on Electric Propulsion,2025,"IEPC 2025 (39th International Electric Propulsion Conference), London",,,,,https://www.electricrocket.org/IEPC_2025/London/submission_2.pdf,European Space Agency,The Netherlands
Kurt Polzin,Milestones for Demonstrating Technology Readiness Level Advancement in Nuclear Electric Propulsion Systems,2025,"IEPC 2025 (39th International Electric Propulsion Conference), London",,,,,https://www.electricrocket.org/IEPC_2025/London/submission_4.pdf,NASA Marshall Space Flight Center,United States of America
Jesús Manuel Muñoz Tejeda,First End-to-End Thrust Measurements of a Water Electrolysis Hall Effect Thruster Operating with a Water Electrolyser,2025,"IEPC 2025 (39th International Electric Propulsion Conference), London",,,,,https://www.electricrocket.org/IEPC_2025/London/submission_5.pdf,Imperial College London,United Kingdom
Mahadevan Krishnan,"Pulsed, mN class Metal Plasma Thruster for Small Satellites",2025,"IEPC 2025 (39th International Electric Propulsion Conference), London",,,,,https://www.electricrocket.org/IEPC_2025/London/submission_6.pdf,AASC,United States of America
Jesús Manuel Muñoz Tejeda,Artificial Equilibrium Points for Electrostatic Flight in Airless Moon Environments (E-Glider Technology),2025,"IEPC 2025 (39th International Electric Propulsion Conference), London",,,,,https://www.electricrocket.org/IEPC_2025/London/submission_7.pdf,Jet Propulsion Laboratory / California Institute of Technology,United States of America
Leo Peiffer,Exploring the Magnetic Liquid Metal Ion Source for FEEP Thrusters,2025,"IEPC 2025 (39th International Electric Propulsion Conference), London",,,,,https://www.electricrocket.org/IEPC_2025/London/submission_9.pdf,Institute of Aerospace Engineering,Germany
Rico Nerger,Development of a Dispenser based Electron Emitter for an Electrodynamic Tether Mission,2025,"IEPC 2025 (39th International Electric Propulsion Conference), London",,,,,https://www.electricrocket.org/IEPC_2025/London/submission_10.pdf,Institute of Aerospace Engineering,Germany
Landon Bevier,Laser Absorption Spectroscopy Measurements of Neutral N2O in a Radio Frequency Plasma,2025,"IEPC 2025 (39th International Electric Propulsion Conference), London",,,,,https://www.electricrocket.org/IEPC_2025/London/submission_12.pdf,University of Washington,United States of America
Haitian Gao,Electron-Beam–Formed Ion Thruster: Design and Simulation,2025,"IEPC 2025 (39th International Electric Propulsion Conference), London",,,,,https://www.electricrocket.org/IEPC_2025/London/submission_13.pdf,Imperial College London,United Kingdom
Willy Stark,Hall-Effect Thruster with integrated Thrust Vector Control: Characterization and Test Results,2025,"IEPC 2025 (39th International Electric Propulsion Conference), London",,,,,https://www.electricrocket.org/IEPC_2025/London/submission_14.pdf,Institute of Aerospace Engineering,Germany
Matthew Corrado,Thrust Density in Porous Electrospray Thrusters,2025,"IEPC 2025 (39th International Electric Propulsion Conference), London",,,,,https://www.electricrocket.org/IEPC_2025/London/submission_15.pdf,Massachusetts Institute of Technology,United States of America
Florian Prochnow,Development of a Diagnostic Setup used for Characterizing a VLEO Particle Flow Generator,2025,"IEPC 2025 (39th International Electric Propulsion Conference), London",,,,,https://www.electricrocket.org/IEPC_2025/London/submission_17.pdf,Institute of Aerospace Engineering,Germany
Kun Feng,"Color diagnostics of xenon, argon, and krypton electric propulsion plasma plumes",2025,"IEPC 2025 (39th International Electric Propulsion Conference), London",,,,,https://www.electricrocket.org/IEPC_2025/London/submission_20.pdf,Beihang University,People's Republic of China
Arvindh Sharma,Line Selection for Krypton Optical Emission Spectroscopy,2025,"IEPC 2025 (39th International Electric Propulsion Conference), London",,,,,https://www.electricrocket.org/IEPC_2025/London/submission_21.pdf,University of Washington,United States of America
Hamza Malik,Performance Testing of Phase Four's Valkyrie Hall Effect Thruster,2025,"IEPC 2025 (39th International Electric Propulsion Conference), London",,,,,https://www.electricrocket.org/IEPC_2025/London/submission_22.pdf,Impulse Space,United States of America
Senior Shimhanda,Time-resolved dependence of ion energy distributions on static radial magnetic field in an RF plasma thruster modulated by a time-varying magnetic field,2025,"IEPC 2025 (39th International Electric Propulsion Conference), London",,,,,https://www.electricrocket.org/IEPC_2025/London/submission_23.pdf,University of Tokyo,Japan
Alfio Vinci,Demonstrating low-power iodine-fed Hall thruster propulsion system,2025,"IEPC 2025 (39th International Electric Propulsion Conference), London",,,,,https://www.electricrocket.org/IEPC_2025/London/submission_25.pdf,ThrustMe,France
Alexander Spethmann,Development steps to a Novel Semiconductor based Microwave Ion Beam Thruster Model,2025,"IEPC 2025 (39th International Electric Propulsion Conference), London",,,,,https://www.electricrocket.org/IEPC_2025/London/submission_27.pdf,University of Kiel,Germany
Adam Collins,On-Orbit Metrology Package for an Electrospray Thruster,2025,"IEPC 2025 (39th International Electric Propulsion Conference), London",,,,,https://www.electricrocket.org/IEPC_2025/London/submission_28.pdf,Edwards Air Force Base,United States of America
McKenna Breddan,Functional Analysis of Electrospray Particle Dynamics,2025,"IEPC 2025 (39th International Electric Propulsion Conference), London",,,,,https://www.electricrocket.org/IEPC_2025/London/submission_29.pdf,Cornell University,United States of America
Oliver Neunzig,"A Novel Method for Simultaneous Measurements of Indirect Thrust, Ion Beam Distribution and Thrust Vector Motion of Electric Propulsion Systems",2025,"IEPC 2025 (39th International Electric Propulsion Conference), London",,,,,https://www.electricrocket.org/IEPC_2025/London/submission_34.pdf,Institute of Aerospace Engineering,Germany
Antonio Russano,Electron Mobility Modeling within Hall EffectThruster’s plasma by means of Sparse Identification of Non linear Dynamics Algorithm,2025,"IEPC 2025 (39th International Electric Propulsion Conference), London",,,,,https://www.electricrocket.org/IEPC_2025/London/submission_35.pdf,University of Naples,Italy
Alfio Vinci,Analysis of plume mode transition in a low-power iodine-fed Hall thruster,2025,"IEPC 2025 (39th International Electric Propulsion Conference), London",,,,,https://www.electricrocket.org/IEPC_2025/London/submission_39.pdf,ThrustMe,France
François Réot,In search of the physical origin of GHz electromagnetic emission from Hall thrusters,2025,"IEPC 2025 (39th International Electric Propulsion Conference), London",,,,,https://www.electricrocket.org/IEPC_2025/London/submission_40.pdf,LAPLACE,France
Joshua Eckels,Online Data-Driven Acceleration of Hall thruster Simulations,2025,"IEPC 2025 (39th International Electric Propulsion Conference), London",,,,,https://www.electricrocket.org/IEPC_2025/London/submission_41.pdf,University of Michigan,United States of America
Oliver Jia-Richards,Is Intercepted Current in an Ionic-Liquid Electrospray Thruster Actually Intercepted?,2025,"IEPC 2025 (39th International Electric Propulsion Conference), London",,,,,https://www.electricrocket.org/IEPC_2025/London/submission_43.pdf,University of Michigan,United States of America
Giuliana Hofheins,Secondary species formed from ionic liquid electrospray ion plume impacts with propellant thin films,2025,"IEPC 2025 (39th International Electric Propulsion Conference), London",,,,,https://www.electricrocket.org/IEPC_2025/London/submission_45.pdf,Cornell University,United States of America
Stefan Bell,Nanoparticle Ion Beam Interactions from a Liquid Nanoparticle Ion Source (LNIS),2025,"IEPC 2025 (39th International Electric Propulsion Conference), London",,,,,https://www.electricrocket.org/IEPC_2025/London/submission_46.pdf,Cornell University,United States of America
Adam Parks,In-Situ Lunar Propellants for Hall Effect Thrusters,2025,"IEPC 2025 (39th International Electric Propulsion Conference), London",,,,,https://www.electricrocket.org/IEPC_2025/London/submission_47.pdf,University of Southampton,United Kingdom
Henry Huh,Physics-Informed Bayesian MCMC Analysis of Krypton/Argon Sputter Yields,2025,"IEPC 2025 (39th International Electric Propulsion Conference), London",,,,,https://www.electricrocket.org/IEPC_2025/London/submission_48.pdf,Edwards Air Force Base,United States of America
Adler Smith,Identification of Missing Mass in Electrospray Ion Time-of-Flight Mass Spectrometry,2025,"IEPC 2025 (39th International Electric Propulsion Conference), London",,,,,https://www.electricrocket.org/IEPC_2025/London/submission_49.pdf,Cornell University,United States of America
Dinaol Gadisa,Performance Characterization of FEEP Thruster with Various Propellants,2025,"IEPC 2025 (39th International Electric Propulsion Conference), London",,,,,https://www.electricrocket.org/IEPC_2025/London/submission_50.pdf,Aerospace System and Control Lab,Republic of Korea
Frank Scholze,IonJet-Evo: Initial Performance test and qualification of a cost-efficient gridded ion thruster propulsion system for small satellites,2025,"IEPC 2025 (39th International Electric Propulsion Conference), London",,,,,https://www.electricrocket.org/IEPC_2025/London/submission_51.pdf,Leibniz Institue of Surface Engineering,Germany
Freddy Bayliss,Plasma-material interaction study of a Water ElecTrolysis Hall Effect Thruster (WET-HET),2025,"IEPC 2025 (39th International Electric Propulsion Conference), London",,,,,https://www.electricrocket.org/IEPC_2025/London/submission_52.pdf,Imperial College London,United Kingdom
Elisabeth Berka,Performance Evaluation of a C12A7 Compact Heaterless Hollow Cathode,2025,"IEPC 2025 (39th International Electric Propulsion Conference), London",,,,,https://www.electricrocket.org/IEPC_2025/London/submission_54.pdf,Institute of Aerospace Engineering,Germany
Gabriel Vigot,Unsupervised method to solve the Poisson Equation on Unstructured Grid,2025,"IEPC 2025 (39th International Electric Propulsion Conference), London",,,,,https://www.electricrocket.org/IEPC_2025/London/submission_55.pdf,Centre Europeen de Recherche et de Formation Avancees en Calcul Scientifique,France
James Szabo,Range Extension and Duration Testing of BHT-600 Hall Effect Thruster,2025,"IEPC 2025 (39th International Electric Propulsion Conference), London",,,,,https://www.electricrocket.org/IEPC_2025/London/submission_56.pdf,"Busek Co., Inc.",United States of America
James Szabo,Scalable Iodine Propellant System,2025,"IEPC 2025 (39th International Electric Propulsion Conference), London",,,,,https://www.electricrocket.org/IEPC_2025/London/submission_57.pdf,"Busek Co., Inc.",United States of America
Lucas Calderon,Design of a Reusable Atmospheric-Refuelling Space Tug Demonstrator,2025,"IEPC 2025 (39th International Electric Propulsion Conference), London",,,,,https://www.electricrocket.org/IEPC_2025/London/submission_62.pdf,Delft University of Technology,The Netherlands
Yinjian Zhao,Effect of Magnetic Field Configuration on Hall Thruster Azimuthal Instability in 3D PIC simulations,2025,"IEPC 2025 (39th International Electric Propulsion Conference), London",,,,,https://www.electricrocket.org/IEPC_2025/London/submission_63.pdf,Harbin Institute of Technology,People's Republic of China
Tongyu Li,Performance characterization of a 50-100W Hall thruster with a center-mounted hollow cathode,2025,"IEPC 2025 (39th International Electric Propulsion Conference), London",,,,,https://www.electricrocket.org/IEPC_2025/London/submission_64.pdf,Harbin Institute of Technology,People's Republic of China
Rune Fritzsche,Thrust Measurement Setup for the Modular Pulsed Propulsion System,2025,"IEPC 2025 (39th International Electric Propulsion Conference), London",,,,,https://www.electricrocket.org/IEPC_2025/London/submission_65.pdf,Institute of Space Systems,Germany
Catherine Nachtigal,2-photon polymerization fabrication and testing of ”pixel” electrospray thrusters,2025,"IEPC 2025 (39th International Electric Propulsion Conference), London",,,,,https://www.electricrocket.org/IEPC_2025/London/submission_66.pdf,Massachusetts Institute of Technology,United States of America
Austen Thomas,Impact of Hall Thruster Harness Impedance on Time-Resolved Ion Energy,2025,"IEPC 2025 (39th International Electric Propulsion Conference), London",,,,,https://www.electricrocket.org/IEPC_2025/London/submission_68.pdf,Western Michigan University,United States of America
Guru Duppada,Continuous Propellant Feeding in Micro-Cathode Arc Thruster,2025,"IEPC 2025 (39th International Electric Propulsion Conference), London",,,,,https://www.electricrocket.org/IEPC_2025/London/submission_70.pdf,George Washington University,United States of America
Peter Thoreau,Modeling and Optimization of Propellant Mixtures for Hall Thrusters,2025,"IEPC 2025 (39th International Electric Propulsion Conference), London",,,,,https://www.electricrocket.org/IEPC_2025/London/submission_71.pdf,University of Washington,United States of America
Logan Alvesteffer,Fabrication of a Molecular Plasma Test Cell: Design of an Automatic Radio Frequency Tuning System for Stable Long-term Operation,2025,"IEPC 2025 (39th International Electric Propulsion Conference), London",,,,,https://www.electricrocket.org/IEPC_2025/London/submission_73.pdf,Western Michigan University,United States of America
David Sirbescu-Stanley,Design of a Radio Frequency Plasma Test Cell for Laser Diagnostics of Molecular Propellants,2025,"IEPC 2025 (39th International Electric Propulsion Conference), London",,,,,https://www.electricrocket.org/IEPC_2025/London/submission_74.pdf,Western Michigan University,United States of America
Patrick Neumann,Electromagnetic Interactions Test Campaign for a Centre-Triggered Pulsed Cathodic Arc Thruster,2025,"IEPC 2025 (39th International Electric Propulsion Conference), London",,,,,https://www.electricrocket.org/IEPC_2025/London/submission_76.pdf,Neumann Space,Australia
Yong Wang,Research on Ignition Characteristics of Hot-Start Arcjet Thruster,2025,"IEPC 2025 (39th International Electric Propulsion Conference), London",,,,,https://www.electricrocket.org/IEPC_2025/London/submission_77.pdf,Harbin Institute of Technology,People's Republic of China
Rui Ding,Investigation of the Influence of Anode Position on Ionization-Acceleration Decoupling in a 5 kW-Class Double-stage Anode Layer Hall Thruster Using Krypton,2025,"IEPC 2025 (39th International Electric Propulsion Conference), London",,,,,https://www.electricrocket.org/IEPC_2025/London/submission_78.pdf,Harbin Institute of Technology,People's Republic of China
Rui Ding,Investigation of the Influence of Propellant Type on Multi- Mode Operational Characteristics in a 5 kW-Class Double-Stage Anode Layer Hall Thruster,2025,"IEPC 2025 (39th International Electric Propulsion Conference), London",,,,,https://www.electricrocket.org/IEPC_2025/London/submission_79.pdf,Harbin Institute of Technology,People's Republic of China
Baisheng Wang,A parametric study on charge separation instability of hollow cathode plume,2025,"IEPC 2025 (39th International Electric Propulsion Conference), London",,,,,https://www.electricrocket.org/IEPC_2025/London/submission_80.pdf,Harbin Institute of Technology,People's Republic of China
Meiting Han,Plume characterization of ionic liquid electrospray thruster emitting mixed ions,2025,"IEPC 2025 (39th International Electric Propulsion Conference), London",,,,,https://www.electricrocket.org/IEPC_2025/London/submission_81.pdf,Northwestern Polytechnical Universit,People's Republic of China
Konstantinos Papavramidis,Preparatory Activities and Early Results of ABEP End-to-End Test based on the IRS Electrodeless Plasma Thruster,2025,"IEPC 2025 (39th International Electric Propulsion Conference), London",,,,,https://www.electricrocket.org/IEPC_2025/London/submission_82.pdf,University of Stuttgart,Germany
Zhijun Zhou,The influence of azimuthally inhomogeneous magnetic field on the Hall thruster azimuthal instability via 2D axial-azimuthal PIC simulations,2025,"IEPC 2025 (39th International Electric Propulsion Conference), London",,,,,https://www.electricrocket.org/IEPC_2025/London/submission_83.pdf,Harbin Institute of Technology,People's Republic of China
Demai Zeng,Effect of cathode electron emission on unexpected unstable discharges in a miniature microwave ion thruster,2025,"IEPC 2025 (39th International Electric Propulsion Conference), London",,,,,https://www.electricrocket.org/IEPC_2025/London/submission_84.pdf,Harbin Institute of Technology,People's Republic of China
Julia Grill,Extending the Evolutionary System Design Converger (ESDC) for High-Power Electric Propulsion,2025,"IEPC 2025 (39th International Electric Propulsion Conference), London",,,,,https://www.electricrocket.org/IEPC_2025/London/submission_85.pdf,University of Stuttgart,Germany
David Krejci,Extractor clogging in Indium-based FEEP propulsion systems,2025,"IEPC 2025 (39th International Electric Propulsion Conference), London",,,,,https://www.electricrocket.org/IEPC_2025/London/submission_87.pdf,ENPULSION,Austria
David Krejci,Next generation ENPULSION MICRO R3: Indium based FEEP propulsion development and qualification update,2025,"IEPC 2025 (39th International Electric Propulsion Conference), London",,,,,https://www.electricrocket.org/IEPC_2025/London/submission_88.pdf,ENPULSION,Austria
Abhishek Goswami,NANO R3: Development and qualification update of the Indium based FEEP propulsion system,2025,"IEPC 2025 (39th International Electric Propulsion Conference), London",,,,,https://www.electricrocket.org/IEPC_2025/London/submission_89.pdf,ENPULSION,Austria
Anthony Kim,Low Energy Sputtering of Monoatomic Materials by Noble Gas Bombardment,2025,"IEPC 2025 (39th International Electric Propulsion Conference), London",,,,,https://www.electricrocket.org/IEPC_2025/London/submission_90.pdf,University of Illinois Urbana-Champaign,United States of America
Torsten Henning,Miniaturised electrospray emitters designed for high density  integration,2025,"IEPC 2025 (39th International Electric Propulsion Conference), London",,,,,https://www.electricrocket.org/IEPC_2025/London/submission_91.pdf,Justus Liebig University,Germany
Yethinder Ragav Lakshmi Kumar,Externally-Wetted Electrospray Thruster Geometry: Impact of Extractor Aperture on Onset Voltage,2025,"IEPC 2025 (39th International Electric Propulsion Conference), London",,,,,https://www.electricrocket.org/IEPC_2025/London/submission_92.pdf,University of Michigan,United States of America
Gyuha Lim,Three-Dimensional High-Fidelity Particle Simulations of Gridded Ion Thruster Operation under Ground Testing Conditions,2025,"IEPC 2025 (39th International Electric Propulsion Conference), London",,,,,https://www.electricrocket.org/IEPC_2025/London/submission_93.pdf,University of Illinois Urbana-Champaign,United States of America
Saba Shaik,Direct and Indirect Mass Flow Measurements of Ionic Liquid Ion Sources,2025,"IEPC 2025 (39th International Electric Propulsion Conference), London",,,,,https://www.electricrocket.org/IEPC_2025/London/submission_96.pdf,Massachusetts Institute of Technology,United States of America
Alejandro Lopez Ortega,Lifetime Limitations in Hall Thrusters Operating at High Current Density,2025,"IEPC 2025 (39th International Electric Propulsion Conference), London",,,,,https://www.electricrocket.org/IEPC_2025/London/submission_97.pdf,Jet Propulsion Laboratory / California Institute of Technology,United States of America
Alejandro Lopez Ortega,Investigation of Pole Erosion in the Magnetically Shielded Miniature (MaSMi) Hall Thruster Long Duration Wear Test. I. Numerical Simulations,2025,"IEPC 2025 (39th International Electric Propulsion Conference), London",,,,,https://www.electricrocket.org/IEPC_2025/London/submission_98.pdf,Jet Propulsion Laboratory / California Institute of Technology,United States of America
Willem van Lynden,MEERCAT: Development of a LaB6 Hollow Cathode for 0.5 to 2 kW Hall Effect Thrusters,2025,"IEPC 2025 (39th International Electric Propulsion Conference), London",,,,,https://www.electricrocket.org/IEPC_2025/London/submission_99.pdf,Aliena Pte. Ltd.,Singapore
Nunki Pontianus,MUSIC-SI 3rd Generation: Carbon Nanotubes Field Emission Neutralizer for a Low Power Hall Thruster,2025,"IEPC 2025 (39th International Electric Propulsion Conference), London",,,,,https://www.electricrocket.org/IEPC_2025/London/submission_100.pdf,Aliena Pte. Ltd.,Singapore
Sophia Bhatti,Recommended Best Practices in Electric Propulsion for the Qualification of Spaceflight Systems,2025,"IEPC 2025 (39th International Electric Propulsion Conference), London",,,,,https://www.electricrocket.org/IEPC_2025/London/submission_101.pdf,Georgia Institute of Technology,United States of America
Tiance Liang,Comparative Analysis of Elemental Impulse in Liquid-Metal Micro-Cathode Arc Thruster with Different Metallic Cathode,2025,"IEPC 2025 (39th International Electric Propulsion Conference), London",,,,,https://www.electricrocket.org/IEPC_2025/London/submission_102.pdf,Harbin Institute of Technology,People's Republic of China
Tiance Liang,Analysis of Ionization Characteristics during Discharge of Liquid Metal Micro-cathode Arc Thruster with Copper or Graphite Anode,2025,"IEPC 2025 (39th International Electric Propulsion Conference), London",,,,,https://www.electricrocket.org/IEPC_2025/London/submission_103.pdf,Harbin Institute of Technology,People's Republic of China
Guangchuan Zhang,Design and initial verification of a dual-magnetic-mirror magnetic nozzle for Magnetoplasmadynamic Thruster,2025,"IEPC 2025 (39th International Electric Propulsion Conference), London",,,,,https://www.electricrocket.org/IEPC_2025/London/submission_105.pdf,Beihang University,People's Republic of China
Dibyesh Satpathy,Enhancement of neutral particle density by propellant flow reversal through a sawtooth hollow anode,2025,"IEPC 2025 (39th International Electric Propulsion Conference), London",,,,,https://www.electricrocket.org/IEPC_2025/London/submission_106.pdf,University of Tokyo,Japan
Dibyesh Satpathy,Difference in plasma potential profiles between xenon and argon propellants in RAIJIN-66,2025,"IEPC 2025 (39th International Electric Propulsion Conference), London",,,,,https://www.electricrocket.org/IEPC_2025/London/submission_107.pdf,University of Tokyo,Japan
Chen Wang,Fully Implicit Simulation Method for AF-MPDT,2025,"IEPC 2025 (39th International Electric Propulsion Conference), London",,,,,https://www.electricrocket.org/IEPC_2025/London/submission_108.pdf,Beihang University,People's Republic of China
Yuzhe Sun,The Effect of Magnetic Field Divergence on Electromagnetic Force Distribution in an Applied-Field Magnetoplasmadynamic Thruster,2025,"IEPC 2025 (39th International Electric Propulsion Conference), London",,,,,https://www.electricrocket.org/IEPC_2025/London/submission_110.pdf,Beihang University,People's Republic of China
Koki Takagi,Effect of Feed Pressure on Ion Emissions from Porous Ionic Liquid Electrospray Thrusters,2025,"IEPC 2025 (39th International Electric Propulsion Conference), London",,,,,https://www.electricrocket.org/IEPC_2025/London/submission_111.pdf,Yokohama National University,Japan
Renfan Mao,3D Kinetic Simulation of Plasma Asymmetry in Hall Thruster with Side-mounted Hollow Cathode,2025,"IEPC 2025 (39th International Electric Propulsion Conference), London",,,,,https://www.electricrocket.org/IEPC_2025/London/submission_112.pdf,Beihang University,People's Republic of China
Igal Kronhaus,Modelling Upstream Plasma Formation in Heaterless Hollow Cathodes,2025,"IEPC 2025 (39th International Electric Propulsion Conference), London",,,,,https://www.electricrocket.org/IEPC_2025/London/submission_114.pdf,Rafael - Advanced Defense Systems Ltd.,Israel
Naoji Yamamoto,Plasma turbulence measurement in a Hall thruster using multi-channel microwave interferometer,2025,"IEPC 2025 (39th International Electric Propulsion Conference), London",,,,,https://www.electricrocket.org/IEPC_2025/London/submission_117.pdf,Kyushu University,Japan
Wudi Luo,A Fully Kinetic Study on the Plasma Swirling Flow in the Magnetic Nozzle of Applied-Field MagnetoPlasma Dynamic Thruster,2025,"IEPC 2025 (39th International Electric Propulsion Conference), London",,,,,https://www.electricrocket.org/IEPC_2025/London/submission_118.pdf,Beihang University,People's Republic of China
Anmol Taploo,Self-Neutralization and Performance Characteristics of a Hypersonic Air-Breathing Plasma Thruster,2025,"IEPC 2025 (39th International Electric Propulsion Conference), London",,,,,https://www.electricrocket.org/IEPC_2025/London/submission_119.pdf,George Washington University,United States of America
Lukas Pietzonka,Laser-induced fluorescence spectroscopy for RIT-type gridded ion engine neutral gas VDF characterization,2025,"IEPC 2025 (39th International Electric Propulsion Conference), London",,,,,https://www.electricrocket.org/IEPC_2025/London/submission_120.pdf,Leibniz Institue of Surface Engineering,Germany
Eric Bourguignon,PPU Developments at Thales Alenia Space in Belgium: PPU Mk4 and Low Power PPU,2025,"IEPC 2025 (39th International Electric Propulsion Conference), London",,,,,https://www.electricrocket.org/IEPC_2025/London/submission_121.pdf,Thales Alenia Space Belgium,Belgium
Carl Mullins,BHT-6000 Hall Thruster Qualification and Production Status,2025,"IEPC 2025 (39th International Electric Propulsion Conference), London",,,,,https://www.electricrocket.org/IEPC_2025/London/submission_122.pdf,"Busek Co., Inc.",United States of America
Nicholas Babusis,Development and Testing of an ASCENT-Propelled Pulsed Magnetoplasmadynamic Thruster,2025,"IEPC 2025 (39th International Electric Propulsion Conference), London",,,,,https://www.electricrocket.org/IEPC_2025/London/submission_124.pdf,Purdue University,United States of America
Grégoire Brivary-Couret,Experimental characterization of the injection and discharge processes on a low-power Pulsed Magnetoplasmadynamic Thruster,2025,"IEPC 2025 (39th International Electric Propulsion Conference), London",,,,,https://www.electricrocket.org/IEPC_2025/London/submission_125.pdf,COMAT,France
Alexandros Papamatthaiou,Characterization of Electromagnetic Self-Emissions from the PPS®X00 Hall Thruster,2025,"IEPC 2025 (39th International Electric Propulsion Conference), London",,,,,https://www.electricrocket.org/IEPC_2025/London/submission_127.pdf,Safran Spacecraft Propulsion,France
Eleanor Forbes,AEPS 12 kW Hall Current Thruster Program Overview,2025,"IEPC 2025 (39th International Electric Propulsion Conference), London",,,,,https://www.electricrocket.org/IEPC_2025/London/submission_128.pdf,Aerojet Rocketdyne,United States of America
Thomas Marks,Towards kinetic axial-azimuthal Hall thruster simulations including ionization,2025,"IEPC 2025 (39th International Electric Propulsion Conference), London",,,,,https://www.electricrocket.org/IEPC_2025/London/submission_129.pdf,University of Michigan,United States of America
Robert Thomas,Development Status and Performance Metrics of the Advanced NEXT Ion Propulsion System,2025,"IEPC 2025 (39th International Electric Propulsion Conference), London",,,,,https://www.electricrocket.org/IEPC_2025/London/submission_133.pdf,NASA Glenn Research Center,United States of America
Amelia Bruno,Investigation of ASCENT Monopropellant in a Single Porous Electrospray Emitter,2025,"IEPC 2025 (39th International Electric Propulsion Conference), London",,,,,https://www.electricrocket.org/IEPC_2025/London/submission_134.pdf,Massachusetts Institute of Technology,United States of America
Yifei Li,New Insights into Electromagnetic-Controlled Wall-less Hall Thrusters via 3D PIC/MCC/DSMC Simulations,2025,"IEPC 2025 (39th International Electric Propulsion Conference), London",,,,,https://www.electricrocket.org/IEPC_2025/London/submission_137.pdf,Beihang University,People's Republic of China
Jiqin Wang,Design and Performance Test of a 1 U Electrothermal Pulsed Plasma Thruster System for In-orbit Flight,2025,"IEPC 2025 (39th International Electric Propulsion Conference), London",,,,,https://www.electricrocket.org/IEPC_2025/London/submission_139.pdf,Beihang University,People's Republic of China
Olexandr Petrenko,Minimizing Discharge Current Oscillation in Hall Thrusters,2025,"IEPC 2025 (39th International Electric Propulsion Conference), London",,,,,https://www.electricrocket.org/IEPC_2025/London/submission_140.pdf,Dnipro National University,Ukraine
Margaret Mooney,Recommended Practices in Electric Propulsion for Standalone Hollow Cathode Testing,2025,"IEPC 2025 (39th International Electric Propulsion Conference), London",,,,,https://www.electricrocket.org/IEPC_2025/London/submission_141.pdf,Western Michigan University,United States of America
Peiran Li,Investigation on the Ignition Characteristics in a Low-power Planar Hall Thruster,2025,"IEPC 2025 (39th International Electric Propulsion Conference), London",,,,,https://www.electricrocket.org/IEPC_2025/London/submission_142.pdf,Beihang University,People's Republic of China
Wang Zhehong,Preliminary Results of the RMF Azimuthal Current Drive of an RMF-driven FRC Plasmoid with 3-D Hall-MHD Methods,2025,"IEPC 2025 (39th International Electric Propulsion Conference), London",,,,,https://www.electricrocket.org/IEPC_2025/London/submission_143.pdf,Beihang University,People's Republic of China
Park In-Sok,Universal Power Processing Unit Architecture for Electric Propulsion Systems with Hall Thrusters,2025,"IEPC 2025 (39th International Electric Propulsion Conference), London",,,,,https://www.electricrocket.org/IEPC_2025/London/submission_144.pdf,EPS-TECH,Republic of Korea
Olexandr Petrenko,Laboratory Testing Facility Influences the Working Parameters of the ST-25 Hall Thruster,2025,"IEPC 2025 (39th International Electric Propulsion Conference), London",,,,,https://www.electricrocket.org/IEPC_2025/London/submission_145.pdf,Dnipro National University,Ukraine
Shlok Shrivastava,Simulation of Plasma Production in Helicon Plasma Thruster,2025,"IEPC 2025 (39th International Electric Propulsion Conference), London",,,,,https://www.electricrocket.org/IEPC_2025/London/submission_147.pdf,Tohoku University,Japan
Tim Friedrich,Analysis of the Electric Propulsion System for the Nuclear Space Tug in ESA’s RocketRoll Project,2025,"IEPC 2025 (39th International Electric Propulsion Conference), London",,,,,https://www.electricrocket.org/IEPC_2025/London/submission_148.pdf,Institute of Space Systems,Germany
Szymon Dworski,Exploring the Influence of Metal-Based Anions on the Plume of a Porous Electrospray Emitter,2025,"IEPC 2025 (39th International Electric Propulsion Conference), London",,,,,https://www.electricrocket.org/IEPC_2025/London/submission_151.pdf,University of Southampton,United Kingdom
Xu Wu,Experimental Study on Plasma Flow Velocity in an Applied-Field Magnetoplasmadynamic Thruster,2025,"IEPC 2025 (39th International Electric Propulsion Conference), London",,,,,https://www.electricrocket.org/IEPC_2025/London/submission_152.pdf,Beihang University,People's Republic of China
Thomas Trottenberg,Advances in Force Probe Techniques,2025,"IEPC 2025 (39th International Electric Propulsion Conference), London",,,,,https://www.electricrocket.org/IEPC_2025/London/submission_153.pdf,University of Kiel,Germany
Wei-Cheng Wang,A Preliminary Study on Identifying Hollow Cathode Operating Modes Using Image Recognition and Machine Learning,2025,"IEPC 2025 (39th International Electric Propulsion Conference), London",,,,,https://www.electricrocket.org/IEPC_2025/London/submission_154.pdf,National Cheng Kung University,Taiwan
Masayuki Takahashi,Numerical Simulations for Rarefied Gas Compression and Plasma Ignition Dynamics on Air-breathing Electric Propulsion,2025,"IEPC 2025 (39th International Electric Propulsion Conference), London",,,,,https://www.electricrocket.org/IEPC_2025/London/submission_156.pdf,Tohoku University,Japan
Etienne Michaux,Influence of cathode spots behavior on Vacuum Arc Thruster performance,2025,"IEPC 2025 (39th International Electric Propulsion Conference), London",,,,,https://www.electricrocket.org/IEPC_2025/London/submission_157.pdf,CNRS,France
Yordanka Dancheva,Phase-resolved laser-induced fluorescence for  plasma dynamics investigations in Hall thruster,2025,"IEPC 2025 (39th International Electric Propulsion Conference), London",,,,,https://www.electricrocket.org/IEPC_2025/London/submission_158.pdf,Aerospazio Tecnologie S.r.,Italy
Etienne Gourcerol,Experimental characterization of magnetic thrust vectoring devices for ECRA,2025,"IEPC 2025 (39th International Electric Propulsion Conference), London",,,,,https://www.electricrocket.org/IEPC_2025/London/submission_159.pdf,Universite Paris-Saclay,France
Matteo Da Valle,Laser-induced fluorescence for plasma dynamics studies in a PPS®X00 Hall thruster,2025,"IEPC 2025 (39th International Electric Propulsion Conference), London",,,,,https://www.electricrocket.org/IEPC_2025/London/submission_160.pdf,University of Siena DSFTA,Italy
Mohamed Ahmed,Experimental characterisation of an external discharge plasma thruster (XPT) with an auxiliary anode,2025,"IEPC 2025 (39th International Electric Propulsion Conference), London",,,,,https://www.electricrocket.org/IEPC_2025/London/submission_161.pdf,University of Southampton,United Kingdom
Federico Petronio,Comparing PIC/MCC Simulations and Experimental Data for the PPS®X00-ML Hall Thruster,2025,"IEPC 2025 (39th International Electric Propulsion Conference), London",,,,,https://www.electricrocket.org/IEPC_2025/London/submission_163.pdf,CNRS,France
Matthew Gill,Evaluating AlNiCo permanent magnets for enhanced Hall Effect Thruster (HET) performance at high temperatures,2025,"IEPC 2025 (39th International Electric Propulsion Conference), London",,,,,https://www.electricrocket.org/IEPC_2025/London/submission_164.pdf,"Space Radiation Services, Inc.",United States of America
Edoardo Gaspari,Plasma Chemistry Simulations in Air-breathing Electric Thrusters: Ignition Conditions and Core Trends,2025,"IEPC 2025 (39th International Electric Propulsion Conference), London",,,,,https://www.electricrocket.org/IEPC_2025/London/submission_167.pdf,University of Pisa,Italy
Xi Chen,Coupling MCC with fluid neutral solver for 3D PIC simulation of Hall thruster azimuthal instability,2025,"IEPC 2025 (39th International Electric Propulsion Conference), London",,,,,https://www.electricrocket.org/IEPC_2025/London/submission_169.pdf,Harbin Institute of Technology,People's Republic of China
Hiroshi Itakura,Experimental Study of an Air-Breathing Micro MPD Thruster with Varying External Magnetic Field Strength,2025,"IEPC 2025 (39th International Electric Propulsion Conference), London",,,,,https://www.electricrocket.org/IEPC_2025/London/submission_170.pdf,Kanazawa Institute of Technology,Japan
James Saletes,Enhancing the Reliability of Vacuum Arc Thrusters Using Multi-anode Configurations,2025,"IEPC 2025 (39th International Electric Propulsion Conference), London",,,,,https://www.electricrocket.org/IEPC_2025/London/submission_171.pdf,University of Southampton,United Kingdom
Benjamin Kanda,A Novel Power Processing Unit Concept for Controlled Ignition in Vacuum Arc Thruster Arrays for CubeSats,2025,"IEPC 2025 (39th International Electric Propulsion Conference), London",,,,,https://www.electricrocket.org/IEPC_2025/London/submission_172.pdf,University of Southampton,United Kingdom
Mirko Magarotto,Metasurfaces for Electrodeless Space Propulsion,2025,"IEPC 2025 (39th International Electric Propulsion Conference), London",,,,,https://www.electricrocket.org/IEPC_2025/London/submission_175.pdf,University of Padova,Italy
Austen Thomas,Cross-Facility Comparison of Time-Resolved Ion Energy in the SPT-50 Hall Thruster,2025,"IEPC 2025 (39th International Electric Propulsion Conference), London",,,,,https://www.electricrocket.org/IEPC_2025/London/submission_176.pdf,Western Michigan University,United States of America
Alex Gale,Development and Characterization of Electrochemically Machined Tungsten Extractor Electrodes for Electrospray Thrusters,2025,"IEPC 2025 (39th International Electric Propulsion Conference), London",,,,,https://www.electricrocket.org/IEPC_2025/London/submission_178.pdf,Massachusetts Institute of Technology,United States of America
Tommaso Misuri,RIT Technology: Overview of the LatestDevelopments at ArianeGroup,2025,"IEPC 2025 (39th International Electric Propulsion Conference), London",,,,,https://www.electricrocket.org/IEPC_2025/London/submission_179.pdf,ArianeGroup GmbH Langer Grund,Germany
Nicola Orsini,Reconstruction of Electron and Ion Energy Distribution Functions via Bayesian Deconvolution with Nested Sampling,2025,"IEPC 2025 (39th International Electric Propulsion Conference), London",,,,,https://www.electricrocket.org/IEPC_2025/London/submission_180.pdf,University of Pisa,Italy
Kenta Yanagihara,Low-power Argon-fed Magnetic Layer Hall Thrusters,2025,"IEPC 2025 (39th International Electric Propulsion Conference), London",,,,,https://www.electricrocket.org/IEPC_2025/London/submission_182.pdf,Tokai University,Japan
Luca Henrich,Approach to gauge the feasibility of capacitively coupled radio-frequency magnetic nozzle electric propulsion via global modelling,2025,"IEPC 2025 (39th International Electric Propulsion Conference), London",,,,,https://www.electricrocket.org/IEPC_2025/London/submission_183.pdf,University of Applied Sciences,Germany
Matias Agüero,Bayesian Analysis Applied to the Determination of Physical Parameters in Pulsed Plasma Thrusters,2025,"IEPC 2025 (39th International Electric Propulsion Conference), London",,,,,https://www.electricrocket.org/IEPC_2025/London/submission_184.pdf,National University of Córdoba,Argentina
Iñaki Fernandez-Tena,Experimentally-informed 2D hybrid simulations of a low-power cylindrical Hall thruster,2025,"IEPC 2025 (39th International Electric Propulsion Conference), London",,,,,https://www.electricrocket.org/IEPC_2025/London/submission_185.pdf,Universidad Carlos III de Madrid,Spain
Maxime Saumier,ESA Propulsion Laboratory (EPL),2025,"IEPC 2025 (39th International Electric Propulsion Conference), London",,,,,https://www.electricrocket.org/IEPC_2025/London/submission_187.pdf,European Space Agency,The Netherlands
Felix Kiefer,Preliminary investigation of the EM coupling between three electrodeless plasma thrusters operated in close vicinity,2025,"IEPC 2025 (39th International Electric Propulsion Conference), London",,,,,https://www.electricrocket.org/IEPC_2025/London/submission_189.pdf,Justus Liebig University,Germany
Andrés Soto,Digital Twin of MSR-ERO PPU and RIT-2X Thruster,2025,"IEPC 2025 (39th International Electric Propulsion Conference), London",,,,,https://www.electricrocket.org/IEPC_2025/London/submission_190.pdf,Airbus CRISA,Spain
Cameron Leslie,Development of an Experimental Test Bed for Cryogenic Propellant Regeneration In Orbit,2025,"IEPC 2025 (39th International Electric Propulsion Conference), London",,,,,https://www.electricrocket.org/IEPC_2025/London/submission_192.pdf,Cranfield University,United Kingdom
Thomas F. Munroe-O'Brien,"Effect of channel width on the performance of a modular Hall effect thruster operating on Xenon, Krypton, and Argon",2025,"IEPC 2025 (39th International Electric Propulsion Conference), London",,,,,https://www.electricrocket.org/IEPC_2025/London/submission_193.pdf,University of Southampton,United Kingdom
Jana Zorn,Experimental Analysis and Simulation Comparison of a Passive Intake System for Air-Breathing Electric Propulsion (ABEP),2025,"IEPC 2025 (39th International Electric Propulsion Conference), London",,,,,https://www.electricrocket.org/IEPC_2025/London/submission_194.pdf,Justus Liebig University,Germany
Laurent Garrigues,2D PIC Simulations of Instabilities in an Iodine-fed Hall Thruster,2025,"IEPC 2025 (39th International Electric Propulsion Conference), London",,,,,https://www.electricrocket.org/IEPC_2025/London/submission_195.pdf,Universite de Toulouse,France
Christoph Eichhorn,Neutral density measurements near the grid hole apertures of ion thruster accelerator grids using TALIF,2025,"IEPC 2025 (39th International Electric Propulsion Conference), London",,,,,https://www.electricrocket.org/IEPC_2025/London/submission_196.pdf,Leibniz Institue of Surface Engineering,Germany
Alberto Marın-Cebrian,Axial-radial kinetic simulation of a magnetically shielded Hall thruster channel,2025,"IEPC 2025 (39th International Electric Propulsion Conference), London",,,,,https://www.electricrocket.org/IEPC_2025/London/submission_199.pdf,Universidad Carlos III de Madrid,Spain
Julian Lopez-Uricoechea,Nondimensional Framework for a Hall Thruster Discharge and Facility Effects,2025,"IEPC 2025 (39th International Electric Propulsion Conference), London",,,,,https://www.electricrocket.org/IEPC_2025/London/submission_201.pdf,Georgia Institute of Technology,United States of America
Julian Lopez-Uricoechea,Simultaneous Calibration of Anomalous Electron Collision Frequency and Anomalous Electron Heating in a Hall Thruster Simulation,2025,"IEPC 2025 (39th International Electric Propulsion Conference), London",,,,,https://www.electricrocket.org/IEPC_2025/London/submission_202.pdf,Georgia Institute of Technology,United States of America
Eric Trehet,Airbus DS Space Electronics -Power Processing Units new developments and technologies status,2025,"IEPC 2025 (39th International Electric Propulsion Conference), London",,,,,https://www.electricrocket.org/IEPC_2025/London/submission_204.pdf,Airbus DS Space Electronics,France
Ashley K. Hallock,Fluidic considerations when integrating EPsylon onto larger satellites,2025,"IEPC 2025 (39th International Electric Propulsion Conference), London",,,,,https://www.electricrocket.org/IEPC_2025/London/submission_205.pdf,OHB Sweden,Sweden
Florent Guedon,"Airbus DS Space Electronics – Know-how, expertise and heritage at the service of the new 1kW PPU",2025,"IEPC 2025 (39th International Electric Propulsion Conference), London",,,,,https://www.electricrocket.org/IEPC_2025/London/submission_206.pdf,Airbus DS Space Electronics,France
Konstantin Keil,Holistic Modeling of Erosion processes in Radio-Frequency Ion thrusters,2025,"IEPC 2025 (39th International Electric Propulsion Conference), London",,,,,https://www.electricrocket.org/IEPC_2025/London/submission_207.pdf,Justus Liebig University,Germany
Kalle J. Braumer,Spatially resolved electron density measurements using terahertz time-domain spectroscopy,2025,"IEPC 2025 (39th International Electric Propulsion Conference), London",,,,,https://www.electricrocket.org/IEPC_2025/London/submission_208.pdf,Justus Liebig University,Germany
Amnon Fruchtman,The Force Exerted on Ions by Rotating Electric and Magnetic Fields,2025,"IEPC 2025 (39th International Electric Propulsion Conference), London",,,,,https://www.electricrocket.org/IEPC_2025/London/submission_209.pdf,Holon Institute of Technology,Israel
Rodrigo Sandoval Rodriguez,In-depth Characterization of the Electron System in a RIT-10 Plasma using THz-TDS: Results and Challenges,2025,"IEPC 2025 (39th International Electric Propulsion Conference), London",,,,,https://www.electricrocket.org/IEPC_2025/London/submission_210.pdf,Justus Liebig University,Germany
Diego Ramirez,Low Power Heaterless Plasma Discharge Cathode forElectric Propulsion of Small Satellites,2025,"IEPC 2025 (39th International Electric Propulsion Conference), London",,,,,https://www.electricrocket.org/IEPC_2025/London/submission_212.pdf,Universidad Politecnica de Madrid,Spain
Jason D. Frieman,Acceptance Testing of the AdvancedElectric Propulsion SystemQualification and Flight Thrusters,2025,"IEPC 2025 (39th International Electric Propulsion Conference), London",,,,,https://www.electricrocket.org/IEPC_2025/London/submission_213.pdf,NASA Glenn Research Center,United States of America
Ruth A. Davis,Manufacturing and Testing of Microporous Polymer Electrospray Emitters,2025,"IEPC 2025 (39th International Electric Propulsion Conference), London",,,,,https://www.electricrocket.org/IEPC_2025/London/submission_214.pdf,Massachusetts Institute of Technology,United States of America
Nipun Wijesinghe,Plume Modelling of a VLEO Wind Tunnel,2025,"IEPC 2025 (39th International Electric Propulsion Conference), London",,,,,https://www.electricrocket.org/IEPC_2025/London/submission_215.pdf,Rutgers University,United States of America
Charles P. Lipscomb,Modeling Hall Thruster Plume Expansion in Vacuum Chamber and Space Environments,2025,"IEPC 2025 (39th International Electric Propulsion Conference), London",,,,,https://www.electricrocket.org/IEPC_2025/London/submission_216.pdf,University of Colorado - Boulder,United States of America
Andrew T. Powis,Development of an Efficient Hierarchical Multi-Length Scale Reduced Order Model for Plasma Turbulence,2025,"IEPC 2025 (39th International Electric Propulsion Conference), London",,,,,https://www.electricrocket.org/IEPC_2025/London/submission_217.pdf,Princeton Plasma Physics Laboratory,United States of America
Jon Stienike,Spatial Maps of Krypton Neutral Density in SPT-70 HET Plume by TALIF,2025,"IEPC 2025 (39th International Electric Propulsion Conference), London",,,,,https://www.electricrocket.org/IEPC_2025/London/submission_218.pdf,Colorado State University,United States of America
David V. Sirbescu-Stanley,Optical Emission Spectroscopy Measurements of N2 in a Low-Pressure Inductively Coupled Plasma,2025,"IEPC 2025 (39th International Electric Propulsion Conference), London",,,,,https://www.electricrocket.org/IEPC_2025/London/submission_220.pdf,Western Michigan University,United States of America
Ikkoh Funaki,Technological Readiness of JAXA’s 6-kW-class Hall Thruster Subsystem,2025,"IEPC 2025 (39th International Electric Propulsion Conference), London",,,,,https://www.electricrocket.org/IEPC_2025/London/submission_222.pdf,Japan Aerospace Exploration Agency,Japan
Mark W. Crofton,Best Practices for Electric Propulsion Diagnostics: Quartz Crystal Microbalance,2025,"IEPC 2025 (39th International Electric Propulsion Conference), London",,,,,https://www.electricrocket.org/IEPC_2025/London/submission_224.pdf,Consultant,United States of America
Ethan Kravet,Considerations for Sub-Kármán-Line (VLEO) Orbits,2025,"IEPC 2025 (39th International Electric Propulsion Conference), London",,,,,https://www.electricrocket.org/IEPC_2025/London/submission_225.pdf,Pennsylvania State University,United States of America
Lubos Brieda,Advances in Surface Geometry Representation for EP Plume-Spacecraft Interaction Modeling,2025,"IEPC 2025 (39th International Electric Propulsion Conference), London",,,,,https://www.electricrocket.org/IEPC_2025/London/submission_226.pdf,"Particle in Cell Consulting, LLC",United States of America
Yusuke Nakmamura,Front-Intake Solar Array Wing and High Aspect-Ratio Electric Propulsion for Drag Compensation at VLEO,2025,"IEPC 2025 (39th International Electric Propulsion Conference), London",,,,,https://www.electricrocket.org/IEPC_2025/London/submission_227.pdf,Nagoya University,Japan
Ethan Kravet,Air-breathing Microwave Plasma Thruster (AMPT) for VLEO ABEP,2025,"IEPC 2025 (39th International Electric Propulsion Conference), London",,,,,https://www.electricrocket.org/IEPC_2025/London/submission_228.pdf,Pennsylvania State University,United States of America
Kentaro Hara,Recommended Practices in Electric Propulsion for Optical Emission Spectroscopy,2025,"IEPC 2025 (39th International Electric Propulsion Conference), London",,,,,https://www.electricrocket.org/IEPC_2025/London/submission_230.pdf,Stanford University,United States of America
Landry Riou,Towards the numerical characterisation of a vortex-enhanced inductively coupled electrothermal plasma thruster,2025,"IEPC 2025 (39th International Electric Propulsion Conference), London",,,,,https://www.electricrocket.org/IEPC_2025/London/submission_232.pdf,UNSW Canberra,Australia
Akira Nishikawa,Efficient 3D Simulation of Air-Breathing Micro MPD Thrusters Using External Magnetic Fields,2025,"IEPC 2025 (39th International Electric Propulsion Conference), London",,,,,https://www.electricrocket.org/IEPC_2025/London/submission_233.pdf,Kanazawa Institute of Technology,Japan
Zhiyuan Chen,Particle Detachment Processes in the Magnetic Nozzle,2025,"IEPC 2025 (39th International Electric Propulsion Conference), London",,,,,https://www.electricrocket.org/IEPC_2025/London/submission_234.pdf,Beihang University,People's Republic of China
Ryota Nakano,Thrust Performance Improvement in a Diverging Magnetic Field Thruster with Central Hollow Cathode,2025,"IEPC 2025 (39th International Electric Propulsion Conference), London",,,,,https://www.electricrocket.org/IEPC_2025/London/submission_235.pdf,Nagoya University,Japan
Rawoof Shaik,Parametric study of an iodine radio-frequency neutralizer: Design optimization and operating characteristics,2025,"IEPC 2025 (39th International Electric Propulsion Conference), London",,,,,https://www.electricrocket.org/IEPC_2025/London/submission_236.pdf,University of New South Wales,Australia
Wei Liu,Experimental Investigation of the Effect of Magnetic Field Configuration on Azimuthal Instabilities in Planar Hall Thrusters,2025,"IEPC 2025 (39th International Electric Propulsion Conference), London",,,,,https://www.electricrocket.org/IEPC_2025/London/submission_237.pdf,Beihang University,People's Republic of China
Keita Nishii,Simulation of Rarefied Propellant Flow within a Vacuum Chamber and Validation Using Rarefied Flow Detectors,2025,"IEPC 2025 (39th International Electric Propulsion Conference), London",,,,,https://www.electricrocket.org/IEPC_2025/London/submission_238.pdf,Tokyo Metropolitan University,Japan
Keita Nishii,Effect of Magnetic Field Topology on the Performance of Low-Power Hall Thrusters Using Alternative Propellants,2025,"IEPC 2025 (39th International Electric Propulsion Conference), London",,,,,https://www.electricrocket.org/IEPC_2025/London/submission_239.pdf,Tokyo Metropolitan University,Japan
Ryudo Tsukizaki,Low-Pressure Vessel of Xenon Using Metal-Organic Framework Technology,2025,"IEPC 2025 (39th International Electric Propulsion Conference), London",,,,,https://www.electricrocket.org/IEPC_2025/London/submission_240.pdf,Japan Aerospace Exploration Agency,Japan
Tsubasa Ozawa,Global Modelling of Microwave Electrothermal Thrusters,2025,"IEPC 2025 (39th International Electric Propulsion Conference), London",,,,,https://www.electricrocket.org/IEPC_2025/London/submission_242.pdf,Kyushu University,Japan
Barth N. Komurasaki,Magnetohydrodynamic Analysis of High-Density Plasma Hall Thruster Operation,2025,"IEPC 2025 (39th International Electric Propulsion Conference), London",,,,,https://www.electricrocket.org/IEPC_2025/London/submission_244.pdf,University of Tokyo,Japan
Shohei Nishida,Experimental Study of Extremely High-Voltage Hall-Thrusters,2025,"IEPC 2025 (39th International Electric Propulsion Conference), London",,,,,https://www.electricrocket.org/IEPC_2025/London/submission_245.pdf,Shizuoka University,Japan
B. Schmidt,Performance Evaluation of External Gas Injection of Microwave Discharge Cathode,2025,"IEPC 2025 (39th International Electric Propulsion Conference), London",,,,,https://www.electricrocket.org/IEPC_2025/London/submission_251.pdf,University of Applied Sciences Bremen,Germany
Shun Seiyama,Plume Interference Effects of Magnetic-Field Configuration on Multihead Operation Using a Racetrack-Shaped Acceleration Channel,2025,"IEPC 2025 (39th International Electric Propulsion Conference), London",,,,,https://www.electricrocket.org/IEPC_2025/London/submission_252.pdf,Gifu University,Japan
Shizuku Hiroe,Effects of Magnetic Topology on improvement of a miniature Low-power Hall Thruster,2025,"IEPC 2025 (39th International Electric Propulsion Conference), London",,,,,https://www.electricrocket.org/IEPC_2025/London/submission_254.pdf,Tokai University,Japan
Shun Imai,Surface Morphology and Elemental Analysis of a LaB6 Inner Surface of a Hollow Cathode,2025,"IEPC 2025 (39th International Electric Propulsion Conference), London",,,,,https://www.electricrocket.org/IEPC_2025/London/submission_255.pdf,Japan Aerospace Exploration Agency,Japan
Matteo Laterza,Lifetime Testing of the MUSIC 1A-Class Hollow Cathode,2025,"IEPC 2025 (39th International Electric Propulsion Conference), London",,,,,https://www.electricrocket.org/IEPC_2025/London/submission_256.pdf,Aliena Pte. Ltd.,Singapore
Nicolas M. Bauer,Enhancing C12A7:2e⁻ Cathodes: A Combined Approach of Material Optimization and Plasma-Thermal Modeling,2025,"IEPC 2025 (39th International Electric Propulsion Conference), London",,,,,https://www.electricrocket.org/IEPC_2025/London/submission_257.pdf,Justus Liebig University,Germany
Song Jiahui,Development of a 1-D direct kinetic model of anomalous/classical transport process in hollow cathode plume,2025,"IEPC 2025 (39th International Electric Propulsion Conference), London",,,,,https://www.electricrocket.org/IEPC_2025/London/submission_259.pdf,Beijing Institute of Technology,People's Republic of China
Pavel Smirnov,Baseline Erosion Characterisation of Gridded Ion Engine Optics for Lifetime Improvement Investigations,2025,"IEPC 2025 (39th International Electric Propulsion Conference), London",,,,,https://www.electricrocket.org/IEPC_2025/London/submission_260.pdf,TransMIT GmbH,Germany
Valentina Pessina,Intake Design for Atmosphere-Breathing Electric Propulsion: The Role of Gas-Surface Interaction with DSMC Simulations and Potential Machine Learning Applications,2025,"IEPC 2025 (39th International Electric Propulsion Conference), London",,,,,https://www.electricrocket.org/IEPC_2025/London/submission_261.pdf,University of Bundeswehr Munich,Germany
Mirko Magarotto,Development of an Iodine-fed RF Cathode,2025,"IEPC 2025 (39th International Electric Propulsion Conference), London",,,,,https://www.electricrocket.org/IEPC_2025/London/submission_262.pdf,University of Padua,Italy
Banu Cicek Aydin,Coupling Tests of Dual Xenon Propulsion Systems for the Space Inspire Program,2025,"IEPC 2025 (39th International Electric Propulsion Conference), London",,,,,https://www.electricrocket.org/IEPC_2025/London/submission_263.pdf,Thales Alenia Space UK,United Kingdom
Jakub Glowacki,Performance and Model Comparisons for Kilowatt-Class Applied-Field Magnetoplasmadynamic Thrusters Operating at Magnetic Flux Densities up to Tesla-Level Magnitudes,2025,"IEPC 2025 (39th International Electric Propulsion Conference), London",,,,,https://www.electricrocket.org/IEPC_2025/London/submission_264.pdf,Victoria University of Wellington,New Zealand
Kai Sheng Khoo,Second-generation of a Compact Xe Propellant Management Assembly for Low Power Hall Thrusters.,2025,"IEPC 2025 (39th International Electric Propulsion Conference), London",,,,,https://www.electricrocket.org/IEPC_2025/London/submission_265.pdf,Aliena Pte. Ltd.,Singapore
Shinatora Cho,Experimental Study of Thrust Performance of a Multimode Acceleration Coaxial (MAC) Thruster,2025,"IEPC 2025 (39th International Electric Propulsion Conference), London",,,,,https://www.electricrocket.org/IEPC_2025/London/submission_266.pdf,Japan Aerospace Exploration Agency,Japan
Guentae Doh,Establishment of KARI’s Electric Propulsion Test Facility: EPISODE-3.8,2025,"IEPC 2025 (39th International Electric Propulsion Conference), London",,,,,https://www.electricrocket.org/IEPC_2025/London/submission_267.pdf,Korea Aerospace Research Institute,Republic of Korea
Marco R. Inchingolo,Experimental characterization of a waveguide ECRT with axial propellant injection,2025,"IEPC 2025 (39th International Electric Propulsion Conference), London",,,,,https://www.electricrocket.org/IEPC_2025/London/submission_268.pdf,Universidad Carlos III de Madrid,Spain
Takato Morishita,Time-Resolved Laser-Induced Fluorescence Measurements of Neutralizer Cathodes,2025,"IEPC 2025 (39th International Electric Propulsion Conference), London",,,,,https://www.electricrocket.org/IEPC_2025/London/submission_269.pdf,Japan Aerospace Exploration Agency,Japan
Jaume Navarro-Cavalle,Review of the ML-PLUS IOD mission for quantum telecommunications and miniaturized Hall Thruster,2025,"IEPC 2025 (39th International Electric Propulsion Conference), London",,,,,https://www.electricrocket.org/IEPC_2025/London/submission_271.pdf,Universidad Carlos III de Madrid,Spain
Sashin L.B. Karunaratne,Exploratory magnetohydrodynamic simulation of a magnetic nozzle in OpenFOAM,2025,"IEPC 2025 (39th International Electric Propulsion Conference), London",,,,,https://www.electricrocket.org/IEPC_2025/London/submission_273.pdf,Victoria University of Wellington,New Zealand
Antonio Gomez,Direct thrust measurements for alphie operating with Ar,2025,"IEPC 2025 (39th International Electric Propulsion Conference), London",,,,,https://www.electricrocket.org/IEPC_2025/London/submission_274.pdf,Universidad Politécnica de Madrid,Spain
Yoshito Arakaki,Demonstration of Dual-Mode Propulsion Using an ADN-Based Ionic Liquid Propellant,2025,"IEPC 2025 (39th International Electric Propulsion Conference), London",,,,,https://www.electricrocket.org/IEPC_2025/London/submission_276.pdf,Graduate University for Advanced Studies,Japan
Karthik V. Mani,Performance and Design Requirements of Electric Propulsion Systems for 10-100 kg LEO Satellites,2025,"IEPC 2025 (39th International Electric Propulsion Conference), London",,,,,https://www.electricrocket.org/IEPC_2025/London/submission_277.pdf,GomSpace Luxembourg S.à.r.l.,Luxembourg
Rui Ding,Influence of Channel Length on Multi-mode Discharge Performance of a 1kW-Class Double Stage Anode Layer Hall Thruster Using Krypton,2025,"IEPC 2025 (39th International Electric Propulsion Conference), London",,,,,https://www.electricrocket.org/IEPC_2025/London/submission_278.pdf,Harbin Institute of Technology,People's Republic of China
Francesco M. Bianchi,Far-field plasma properties of low-power iodine-fed Hall thruster propulsion system,2025,"IEPC 2025 (39th International Electric Propulsion Conference), London",,,,,https://www.electricrocket.org/IEPC_2025/London/submission_281.pdf,ThrustMe,France
Eugenio Ferrato,Conventional and Air-breathing Electric Propulsion Trade-offs for VLEO Nanosatellites,2025,"IEPC 2025 (39th International Electric Propulsion Conference), London",,,,,https://www.electricrocket.org/IEPC_2025/London/submission_282.pdf,Sant’Anna School of Advanced Studies,Italy
Vittorio Giannetti,The VOLTA thruster: development and ground demonstration of a novel CubeSat-scale air-breathing electric propulsion system,2025,"IEPC 2025 (39th International Electric Propulsion Conference), London",,,,,https://www.electricrocket.org/IEPC_2025/London/submission_283.pdf,Celeste S.r.l.,Italy
Felix Becker,Spatially Resolved Mapping of Grid Erosion in a RIT-10 Using Optical Emission Spectroscopy,2025,"IEPC 2025 (39th International Electric Propulsion Conference), London",,,,,https://www.electricrocket.org/IEPC_2025/London/submission_284.pdf,Justus Liebig University,Germany
Borja Bayon-Bujan,Challenges in the design of an ExB probe for Electrodeless Plasma Thrusters,2025,"IEPC 2025 (39th International Electric Propulsion Conference), London",,,,,https://www.electricrocket.org/IEPC_2025/London/submission_285.pdf,Universidad Carlos III de Madrid,Spain
Nadim Maraqten,PINN–PONN: A Novel Physics-Informed Deep Learning Method for Plasma Flow Reconstruction,2025,"IEPC 2025 (39th International Electric Propulsion Conference), London",,,,,https://www.electricrocket.org/IEPC_2025/London/submission_287.pdf,University of Stuttgart,Germany
Geonwoong Moon,Numerical Analysis of Ground Testing for the Intake Device of an Atmosphere-Breathing Electric Propulsion,2025,"IEPC 2025 (39th International Electric Propulsion Conference), London",,,,,https://www.electricrocket.org/IEPC_2025/London/submission_288.pdf,Korea Advanced Institute of Science and Technology,Republic of Korea
Yasuaki Aiba,LIF Measurements on Backflow Ions in the near Cathode Plume Region of a Microwave Ion Engine,2025,"IEPC 2025 (39th International Electric Propulsion Conference), London",,,,,https://www.electricrocket.org/IEPC_2025/London/submission_289.pdf,Graduate University for Advanced Studies,Japan
Yoshinori Nakayama,Rarefied Static and Dynamic Propellant Pressure Distribution Measurement within Vacuum Chambers,2025,"IEPC 2025 (39th International Electric Propulsion Conference), London",,,,,https://www.electricrocket.org/IEPC_2025/London/submission_290.pdf,National Defense Academy,Japan
Filippo Cichocki,Numerical study of rotating magnetic fields for enhanced plasma propulsion,2025,"IEPC 2025 (39th International Electric Propulsion Conference), London",,,,,https://www.electricrocket.org/IEPC_2025/London/submission_291.pdf,ENEA C.R. Frascati,Italy
Naoki Takada,Ionization Acceleration Region of Argon Hall Thruster,2025,"IEPC 2025 (39th International Electric Propulsion Conference), London",,,,,https://www.electricrocket.org/IEPC_2025/London/submission_292.pdf,University of Tsukuba,Japan
George S. Hicks,Experimental Plasma Diagnostics of the Magdrive Thruster,2025,"IEPC 2025 (39th International Electric Propulsion Conference), London",,,,,https://www.electricrocket.org/IEPC_2025/London/submission_293.pdf,Magdrive UK Ltd.,United Kingdom
Jiewei Zhou,Modeling the electron heat flux in a magnetic nozzle with machine learning techniques,2025,"IEPC 2025 (39th International Electric Propulsion Conference), London",,,,,https://www.electricrocket.org/IEPC_2025/London/submission_294.pdf,Universidad Carlos III de Madrid,Spain
Gerrit Kottke,Development Status of the iodine Fed Advanced Cusp Field Thruster for Mid Power - iFACT-MP,2025,"IEPC 2025 (39th International Electric Propulsion Conference), London",,,,,https://www.electricrocket.org/IEPC_2025/London/submission_295.pdf,Airbus,Germany
Nadim Maraqten,Dimensionality Reduction and Machine Learning for Generative Surrogate Modeling of ABEP Intake DSMC Simulations,2025,"IEPC 2025 (39th International Electric Propulsion Conference), London",,,,,https://www.electricrocket.org/IEPC_2025/London/submission_296.pdf,University of Stuttgart,Germany
Franco Bosi,Development and Experimental Characterization of a Low Power Ring-Cusp Gridded Ion Thruster,2025,"IEPC 2025 (39th International Electric Propulsion Conference), London",,,,,https://www.electricrocket.org/IEPC_2025/London/submission_300.pdf,Mars Space Ltd.,United Kingdom
Hamda Al-Ali,First Experimental Results of Plasma Formation and Current Drive in the Spherical Tokamak Thruster,2025,"IEPC 2025 (39th International Electric Propulsion Conference), London",,,,,https://www.electricrocket.org/IEPC_2025/London/submission_301.pdf,Imperial College London,United Kingdom
Franco Bosi,Neutraliser Lifetime Assessment in Support of the ESA NGGM mission,2025,"IEPC 2025 (39th International Electric Propulsion Conference), London",,,,,https://www.electricrocket.org/IEPC_2025/London/submission_303.pdf,Mars Space Ltd.,United Kingdom
Bernhard Seifert,ECLIPSE Thruster: Endurance Test Results of a reliable Propulsion System for precise Satellites Maneuvers,2025,"IEPC 2025 (39th International Electric Propulsion Conference), London",,,,,https://www.electricrocket.org/IEPC_2025/London/submission_304.pdf,FOTEC Forschungs-und Technologietransfer GmbH,Austria
Gökay Deniz,Standalone Tests of 30 W Cesium Hollow Cathode for Hall Effect Thrusters,2025,"IEPC 2025 (39th International Electric Propulsion Conference), London",,,,,https://www.electricrocket.org/IEPC_2025/London/submission_305.pdf,Tübitak Space Technologies Research Institute,Turkey
İlksen Burat,The Orbit Performance of Electric Propulsion System Developed at TUBITAK UZAY for GEO Communication Satellite,2025,"IEPC 2025 (39th International Electric Propulsion Conference), London",,,,,https://www.electricrocket.org/IEPC_2025/London/submission_306.pdf,TUBITAK Space Technologies Research Institute,Turkey
Kristof Holste,Towards Standardized Ion Thruster Diagnostics: Calibration of Energy Analyzers,2025,"IEPC 2025 (39th International Electric Propulsion Conference), London",,,,,https://www.electricrocket.org/IEPC_2025/London/submission_310.pdf,Justus Liebig University,Germany
Alessa Sperber,Thermal Design of the 5 kW AF-MPD Thruster SUPREME and its Testing Environment,2025,"IEPC 2025 (39th International Electric Propulsion Conference), London",,,,,https://www.electricrocket.org/IEPC_2025/London/submission_312.pdf,University of Stuttgart,Germany
Giada Brandi,Miniature force probe for ion beam thrust measurements,2025,"IEPC 2025 (39th International Electric Propulsion Conference), London",,,,,https://www.electricrocket.org/IEPC_2025/London/submission_315.pdf,Université Paris-Saclay,France
Alfredo Marianacci,Optical Emission Spectroscopy and Laser-Induced Fluorescence on iodine plasma discharges for electric propulsion purposes,2025,"IEPC 2025 (39th International Electric Propulsion Conference), London",,,,,https://www.electricrocket.org/IEPC_2025/London/submission_316.pdf,CNRS,France
Jan Lukas Ibs,Development of a Power Processing Unit for the Advanced Cusp Field Thruster,2025,"IEPC 2025 (39th International Electric Propulsion Conference), London",,,,,https://www.electricrocket.org/IEPC_2025/London/submission_317.pdf,University of Applied Sciences,Germany
Dávid Székedi,Adjoint-based analysis of breathing mode in Hall thrusters,2025,"IEPC 2025 (39th International Electric Propulsion Conference), London",,,,,https://www.electricrocket.org/IEPC_2025/London/submission_320.pdf,Delft University of Technology,The Netherlands
Mario Merino,Electrodeless Plasma Thruster research within the ERC-ZARATHUSTRA project,2025,"IEPC 2025 (39th International Electric Propulsion Conference), London",,,,,https://www.electricrocket.org/IEPC_2025/London/submission_322.pdf,Universidad Carlos III de Madrid,Spain
Zhi Kai Ng,Patterned Vertically Aligned Carbon Nanotube Arrays for Field Emission Neutralisation,2025,"IEPC 2025 (39th International Electric Propulsion Conference), London",,,,,https://www.electricrocket.org/IEPC_2025/London/submission_323.pdf,Nanyang Technological University,Singapore
Jorge Gonzalez,Self-consistent ionization model for Ar and Xe in alphie two grid system,2025,"IEPC 2025 (39th International Electric Propulsion Conference), London",,,,,https://www.electricrocket.org/IEPC_2025/London/submission_324.pdf,Universidad Politecnica de Madrid,Spain
Federico Boni,Thrust production mechanisms and electron energy anisotropy in a magnetic nozzle cathodeless thruster,2025,"IEPC 2025 (39th International Electric Propulsion Conference), London",,,,,https://www.electricrocket.org/IEPC_2025/London/submission_325.pdf,Université Paris-Saclay,France
Bin Tian,Investigation of the electron cyclotron drift instability accompanying with axial oscillations in Hall thrusters,2025,"IEPC 2025 (39th International Electric Propulsion Conference), London",,,,,https://www.electricrocket.org/IEPC_2025/London/submission_326.pdf,University of Electronic Science and Technology of China,People's Republic of China
Hugo Bergerioux,On the Numerical Simulation of Wave-Plasma Interactions in Electrodeless Plasma Thrusters,2025,"IEPC 2025 (39th International Electric Propulsion Conference), London",,,,,https://www.electricrocket.org/IEPC_2025/London/submission_328.pdf,Universidad Carlos III de Madrid,Spain
Matteo Guaita,Comparison between PIC simulations and experimental data of the RIT10-EVO’s plasma plume,2025,"IEPC 2025 (39th International Electric Propulsion Conference), London",,,,,https://www.electricrocket.org/IEPC_2025/London/submission_329.pdf,Universidad Carlos III de Madrid,Spain
Simone Dalle Fabbriche,A model coupling the radio-frequency emission to the 2D plasma discharge in a RIT,2025,"IEPC 2025 (39th International Electric Propulsion Conference), London",,,,,https://www.electricrocket.org/IEPC_2025/London/submission_330.pdf,Universidad Carlos III de Madrid,Spain
Andi Saad,Pulsed Plasma Thruster IOD development approach,2025,"IEPC 2025 (39th International Electric Propulsion Conference), London",,,,,https://www.electricrocket.org/IEPC_2025/London/submission_331.pdf,Magdrive UK Ltd.,United Kingdom
Changrui Chen,Dynamic performance of a xenon refueling system,2025,"IEPC 2025 (39th International Electric Propulsion Conference), London",,,,,https://www.electricrocket.org/IEPC_2025/London/submission_332.pdf,Beihang University,People's Republic of China
Francesco Taccogna,Particle-in-Cell model of a compact diamond-based disk emitter plasma cathode,2025,"IEPC 2025 (39th International Electric Propulsion Conference), London",,,,,https://www.electricrocket.org/IEPC_2025/London/submission_334.pdf,Institue for Plasma Science and Technology,Italy
Shahram Roshanpour,Arbitrary Rank Angular Moments Model of Processes in Electric Propulsion Devices with Closed Electron Drift.,2025,"IEPC 2025 (39th International Electric Propulsion Conference), London",,,,,https://www.electricrocket.org/IEPC_2025/London/submission_335.pdf,Aerospace Technology and Plasma Science,Italy
Johanna Fries,ASPOCube: Active Spacecraft Potential Control for Small Satellite Space Exploration Missions,2025,"IEPC 2025 (39th International Electric Propulsion Conference), London",,,,,https://www.electricrocket.org/IEPC_2025/London/submission_337.pdf,FOTEC Forschungs- und Technologietransfer GmbH,Austria
Marcus Sjöberg,Comparative Testing of a Mechanical Pressure Regulator Prototype for Xenon-Based Propulsion Systems,2025,"IEPC 2025 (39th International Electric Propulsion Conference), London",,,,,https://www.electricrocket.org/IEPC_2025/London/submission_338.pdf,OHB Sweden AB,Sweden
Yoshiki Matsunaga,PPU Activities at JAXA for future Japanese Hall thrusters,2025,"IEPC 2025 (39th International Electric Propulsion Conference), London",,,,,https://www.electricrocket.org/IEPC_2025/London/submission_339.pdf,Japan Aerospace Exploration Agency,Japan
Davide Poli,Towards Full-fluid Modelling of the Axial-azimuthal Hall Thruster Discharge,2025,"IEPC 2025 (39th International Electric Propulsion Conference), London",,,,,https://www.electricrocket.org/IEPC_2025/London/submission_341.pdf,Universidad Carlos III de Madrid,Spain
Aika Koeda,Ion-ion two stream instability in a 100-W class Hall thruster using Particle-In-Cell method,2025,"IEPC 2025 (39th International Electric Propulsion Conference), London",,,,,https://www.electricrocket.org/IEPC_2025/London/submission_346.pdf,Kyushu University,Japan
Andres Rabunal-Gayo,Air-breathing Helicon Plasma Thruster performance and plume characterization by means of direct thrust measurements and other standardized diagnostics,2025,"IEPC 2025 (39th International Electric Propulsion Conference), London",,,,,https://www.electricrocket.org/IEPC_2025/London/submission_347.pdf,Universidad Carlos III de Madrid,Spain
Hamza Eren Gunaltay,System Design and Modelling of an Air-breathing Electric Propulsion Spacecraft,2025,"IEPC 2025 (39th International Electric Propulsion Conference), London",,,,,https://www.electricrocket.org/IEPC_2025/London/submission_348.pdf,University of Surrey,United Kingdom
Aldo Micciani,Experimental Characterization of Diamond Thermionic Emitters for Innovative Hollow Cathodes,2025,"IEPC 2025 (39th International Electric Propulsion Conference), London",,,,,https://www.electricrocket.org/IEPC_2025/London/submission_349.pdf,University of Pisa,Italy
Ivan Gomez,Electron Detachment in Magnetic Nozzles,2025,"IEPC 2025 (39th International Electric Propulsion Conference), London",,,,,https://www.electricrocket.org/IEPC_2025/London/submission_351.pdf,University of Bristol,United Kingdom
Lorenzo Suozzi,Development of a Rechargeable Iodine Tank for Electric Propulsion: Insights from the BOOST Project,2025,"IEPC 2025 (39th International Electric Propulsion Conference), London",,,,,https://www.electricrocket.org/IEPC_2025/London/submission_353.pdf,University of Bologna,Italy
Stanislav Tolok,Closed-loop control validation of TETRA propulsion module,2025,"IEPC 2025 (39th International Electric Propulsion Conference), London",,,,,https://www.electricrocket.org/IEPC_2025/London/submission_355.pdf,Thales Alenia Space UK,United Kingdom
Jesús Perales-Díaz,2D numerical analysis of the KCHT-50 cylindrical Hall thruster,2025,"IEPC 2025 (39th International Electric Propulsion Conference), London",,,,,https://www.electricrocket.org/IEPC_2025/London/submission_356.pdf,Universidad Carlos III de Madrid,Spain
Miron F. Liu,Experimental Validation of a Spatial Anti-aliasing Plasma Wave Analysis Technique on Ion Acoustic Turbulence in a Hollow Cathode Plume,2025,"IEPC 2025 (39th International Electric Propulsion Conference), London",,,,,https://www.electricrocket.org/IEPC_2025/London/submission_357.pdf,University of Michigan,United States of America
Alexander Behnke,Recent Investigations of the Operational Behavior Accompanied by Life Time Assessments for the AF-MPD Thruster SX3,2025,"IEPC 2025 (39th International Electric Propulsion Conference), London",,,,,https://www.electricrocket.org/IEPC_2025/London/submission_358.pdf,University of Stuttgart,Germany
Fiene Bremer,Investigation of the physical and chemical properties of an rf-neutralizer operating with alternative propellants,2025,"IEPC 2025 (39th International Electric Propulsion Conference), London",,,,,https://www.electricrocket.org/IEPC_2025/London/submission_359.pdf,Justus Liebig University,Germany
Euan Donovan-Hill,Investigating the Evolution of Ionic Liquid Taylor Cones in Porous Electrospray Thrusters Through Direct Optical Visualisation,2025,"IEPC 2025 (39th International Electric Propulsion Conference), London",,,,,https://www.electricrocket.org/IEPC_2025/London/submission_360.pdf,University of Southampton,United Kingdom
Declan G. Brick,Self-consistent implementation of anomalous transport closures in a Hall effect thruster model,2025,"IEPC 2025 (39th International Electric Propulsion Conference), London",,,,,https://www.electricrocket.org/IEPC_2025/London/submission_361.pdf,University of Michigan,United States of America
Guillermo Cuerva-Lazaro,Characterizing the Anomalous Transport in E×B plasmas via GPU-Accelerated PIC Simulations,2025,"IEPC 2025 (39th International Electric Propulsion Conference), London",,,,,https://www.electricrocket.org/IEPC_2025/London/submission_362.pdf,Universidad Carlos III de Madrid,Spain
Kristina M. Lemmer,Recommended Practices for Design and Use of Retarding Potential Analysers in Electric Propulsion,2025,"IEPC 2025 (39th International Electric Propulsion Conference), London",,,,,https://www.electricrocket.org/IEPC_2025/London/submission_363.pdf,Western Michigan University,United States of America
Saskia Sutterlin,Test Results of a Kilowatt Iodine-Fed Advanced Cusp Field Thruster,2025,"IEPC 2025 (39th International Electric Propulsion Conference), London",,,,,https://www.electricrocket.org/IEPC_2025/London/submission_365.pdf,Airbus,Germany
Asish James,Design Configuration of RF Power Driven Plasma Engine,2025,"IEPC 2025 (39th International Electric Propulsion Conference), London",,,,,https://www.electricrocket.org/IEPC_2025/London/submission_368.pdf,Indian Space Research Organization,India
Asish James,Computational Analysis of Magnetic Nozzle Plume of RF Plasma Engine,2025,"IEPC 2025 (39th International Electric Propulsion Conference), London",,,,,https://www.electricrocket.org/IEPC_2025/London/submission_369.pdf,Indian Space Research Organization,India
Michele Nava,On-going research on the Microwave Electrothermal Thruster at Politecnico di Milano,2025,"IEPC 2025 (39th International Electric Propulsion Conference), London",,,,,https://www.electricrocket.org/IEPC_2025/London/submission_370.pdf,Politecnico di Milano,Italy
Daniele Iannarelli,Antenna optimization for helicon plasma thrusters,2025,"IEPC 2025 (39th International Electric Propulsion Conference), London",,,,,https://www.electricrocket.org/IEPC_2025/London/submission_374.pdf,La Sapienza University,Italy
George Sadler,Numerical and Experimental Analysis of a Radio-Frequency Inductively Coupled Electrothermal Thruster,2025,"IEPC 2025 (39th International Electric Propulsion Conference), London",,,,,https://www.electricrocket.org/IEPC_2025/London/submission_375.pdf,University of Surrey,United Kingdom
Giovanni Coduti,4000hrs of operation with PPS5000 using Krypton,2025,"IEPC 2025 (39th International Electric Propulsion Conference), London",,,,,https://www.electricrocket.org/IEPC_2025/London/submission_377.pdf,Safran Spacecraft Propulsion,France
Alexander Schwertheim,Air-breathing Electric Propulsion Developments at NewOrbit Space,2025,"IEPC 2025 (39th International Electric Propulsion Conference), London",,,,,https://www.electricrocket.org/IEPC_2025/London/submission_378.pdf,NewOrbit Space Ltd.,United Kingdom
Natalia Nigay,Initial Functional Characterization of a Beamed-Microwave Thruster with Argon for Future Water Vapor Experiments,2025,"IEPC 2025 (39th International Electric Propulsion Conference), London",,,,,https://www.electricrocket.org/IEPC_2025/London/submission_380.pdf,Pennsylvania State University,United States of America
Oliver Hitchens,Frequency Difference Effects on the Performance of a Dual Frequency ECR Magnetic Nozzle Thruster,2025,"IEPC 2025 (39th International Electric Propulsion Conference), London",,,,,https://www.electricrocket.org/IEPC_2025/London/submission_381.pdf,University of Surrey,United Kingdom
Daniel E. Troyetsky,A two-dimensional axial-radial full-fluid moment model for Hall effect thrusters,2025,"IEPC 2025 (39th International Electric Propulsion Conference), London",,,,,https://www.electricrocket.org/IEPC_2025/London/submission_382.pdf,Stanford University,United States of America
Ralf Heidemann,HEMPT – Innovative EP Technology for GEO SmallSats and LEO/MEO Constellations,2025,"IEPC 2025 (39th International Electric Propulsion Conference), London",,,,,https://www.electricrocket.org/IEPC_2025/London/submission_384.pdf,THALES Deutschland,Germany
Davide Maddaloni,Development of spacewareTM-mini: a Hall thruster operating with xenon and krypton in the 300 – 600 W power range,2025,"IEPC 2025 (39th International Electric Propulsion Conference), London",,,,,https://www.electricrocket.org/IEPC_2025/London/submission_385.pdf,Exotrail,France
Vernon H. Chaplin,Recommended Practices in Laser-Induced Fluorescence (LIF) Diagnostics for Electric Propulsion,2025,"IEPC 2025 (39th International Electric Propulsion Conference), London",,,,,https://www.electricrocket.org/IEPC_2025/London/submission_386.pdf,Jet Propulsion Laboratory / California Institute of Technology,United States of America
Alexandre Guglielmi,Low power Hall thruster fed with iodine by using a self-heated hollow cathode,2025,"IEPC 2025 (39th International Electric Propulsion Conference), London",,,,,https://www.electricrocket.org/IEPC_2025/London/submission_388.pdf,Exotrail,France
Jehan Corcelle,Design and preliminary testing of double discharge coaxial A-PPT,2025,"IEPC 2025 (39th International Electric Propulsion Conference), London",,,,,https://www.electricrocket.org/IEPC_2025/London/submission_390.pdf,Ecole Polytechnique Federale de Lausann,Switzerland
Felix Cannat,ION-X electrospray thruster development in the frame of the CNES Demonstrator program,2025,"IEPC 2025 (39th International Electric Propulsion Conference), London",,,,,https://www.electricrocket.org/IEPC_2025/London/submission_392.pdf,ION-X,France
Fabrizio Ponti,Progress in Iodine Thruster Technology: Key Developments in Project BOOST,2025,"IEPC 2025 (39th International Electric Propulsion Conference), London",,,,,https://www.electricrocket.org/IEPC_2025/London/submission_393.pdf,University of Bologna,Italy
Mar Munuera Vilalta,Correlating Space Weather Indicators with the Data from an Ion Thruster Constellation at LEO,2025,"IEPC 2025 (39th International Electric Propulsion Conference), London",,,,,https://www.electricrocket.org/IEPC_2025/London/submission_394.pdf,ThrustMe,France
James Robertson,GPU-Accelerated MPI-Parallelized Grid-Based Vlasov Simulations of Collisionless Plasmas in Electric Propulsion Modeling: Preliminary Progress,2025,"IEPC 2025 (39th International Electric Propulsion Conference), London",,,,,https://www.electricrocket.org/IEPC_2025/London/submission_396.pdf,University of Southern California,United States of America
Pilar Valles,RIT-2X Thruster Assembly Development for MSR-ERO,2025,"IEPC 2025 (39th International Electric Propulsion Conference), London",,,,,https://www.electricrocket.org/IEPC_2025/London/submission_397.pdf,ArianeGroup,Germany
Ralf Heidemann,HEMPT – Enabling LEO/MEO Constellations with Krypton or Argon as Propellant,2025,"IEPC 2025 (39th International Electric Propulsion Conference), London",,,,,https://www.electricrocket.org/IEPC_2025/London/submission_398.pdf,THALES Deutschland,Germany
Carla Guidi,Laser-Induced Fluorescence Measurements for the Study of Rotational Modes in a Hollow Cathode Plume,2025,"IEPC 2025 (39th International Electric Propulsion Conference), London",,,,,https://www.electricrocket.org/IEPC_2025/London/submission_399.pdf,University of Pisa,Italy
Eva Marinopoulou,Full fluid moment model for low temperature inductively coupled plasmas,2025,"IEPC 2025 (39th International Electric Propulsion Conference), London",,,,,https://www.electricrocket.org/IEPC_2025/London/submission_401.pdf,Stanford University,United States of America
Carla Guidi,Study of Hollow Cathode Plume Instabilities Onset using a Fast-Scanning Probe,2025,"IEPC 2025 (39th International Electric Propulsion Conference), London",,,,,https://www.electricrocket.org/IEPC_2025/London/submission_402.pdf,University of Pisa,Italy
Hans J. Leiter,"Operation of Radio-Frequency Ion Thrusters RIT with Xenon, Krypton and Argon – A Systematic Investigation",2025,"IEPC 2025 (39th International Electric Propulsion Conference), London",,,,,https://www.electricrocket.org/IEPC_2025/London/submission_403.pdf,ArianeGroup GmbH Langer Grund,Germany
Alena Kitaeva,SITAEL HT5k Propulsion System Status Review,2025,"IEPC 2025 (39th International Electric Propulsion Conference), London",,,,,https://www.electricrocket.org/IEPC_2025/London/submission_405.pdf,SITAEL S.p.A.,Italy
Tatiana Perrotin,Performance analysis of a low-power Cylindrical Hall Thruster coupled with a sub-Ampere hollow cathode using direct thrust measurements and plasma diagnostics,2025,"IEPC 2025 (39th International Electric Propulsion Conference), London",,,,,https://www.electricrocket.org/IEPC_2025/London/submission_406.pdf,Universidad Carlos III de Madrid,Spain
Carla Guidi,Development of an Iodine-Fed Hollow Cathode for Electric Propulsion,2025,"IEPC 2025 (39th International Electric Propulsion Conference), London",,,,,https://www.electricrocket.org/IEPC_2025/London/submission_407.pdf,University of Pisa,Italy
Dhrumil Soni,"Design, Analysis, and Testing of a 500 W RF Plasma Source for VLEO Flow Simulation",2025,"IEPC 2025 (39th International Electric Propulsion Conference), London",,,,,https://www.electricrocket.org/IEPC_2025/London/submission_408.pdf,Rutgers University,United States of America
Ivan Gomez,Performance of Argon-Xenon Propellant Mixture coupled with Magnetic Nozzle,2025,"IEPC 2025 (39th International Electric Propulsion Conference), London",,,,,https://www.electricrocket.org/IEPC_2025/London/submission_409.pdf,University of Bristol,United Kingdom
Yusuke Yamashita,Computational modeling of breakdown process in RF plasmas,2025,"IEPC 2025 (39th International Electric Propulsion Conference), London",,,,,https://www.electricrocket.org/IEPC_2025/London/submission_410.pdf,Stanford University,United States of America
Jawaher Alhaj,Emirates Mission to the Asteroid Belt: Electrical Power Systems Design and Solar Electric Propulsion Considerations,2025,"IEPC 2025 (39th International Electric Propulsion Conference), London",,,,,https://www.electricrocket.org/IEPC_2025/London/submission_413.pdf,Technology Innovation Institute,United Arab Emirates
Scott J. Hall,Manufacturing Data from Flight Aurora Hall-effect Thrusters,2025,"IEPC 2025 (39th International Electric Propulsion Conference), London",,,,,https://www.electricrocket.org/IEPC_2025/London/submission_416.pdf,Orbion Space Technology,United States of America
Braden Oh,Carbon Backsputter Mitigation with a Cusped Field Retarding Beam Dump,2025,"IEPC 2025 (39th International Electric Propulsion Conference), London",,,,,https://www.electricrocket.org/IEPC_2025/London/submission_417.pdf,University of Michigan,United States of America
Peter N. Dahl,Life Qualification of the Aurora Hall-Effect Thruster on Krypton Propellant,2025,"IEPC 2025 (39th International Electric Propulsion Conference), London",,,,,https://www.electricrocket.org/IEPC_2025/London/submission_418.pdf,Orbion Space Technology,United States of America
Egor V. Pliashkov,Development of Spacecraft-Plume Interaction Simulation Capability in the UAE,2025,"IEPC 2025 (39th International Electric Propulsion Conference), London",,,,,https://www.electricrocket.org/IEPC_2025/London/submission_419.pdf,Technology Innovation Institute,United Arab Emirates
Kevin D. Sampson,Collision-Induced Fragmentation in Commonly-Used Ionic Liquid Propellants for Electrospray Thrusters,2025,"IEPC 2025 (39th International Electric Propulsion Conference), London",,,,,https://www.electricrocket.org/IEPC_2025/London/submission_421.pdf,University of Southern California,United States of America
Zach Ulibarri,True Two-Dimensional Molecular Studies of Electrospray Plumes,2025,"IEPC 2025 (39th International Electric Propulsion Conference), London",,,,,https://www.electricrocket.org/IEPC_2025/London/submission_423.pdf,Cornell University,United States of America
Magdalena M. Parta,Operation and Uncertainty Analysis of a Watt's Pendulum Thrust Stand,2025,"IEPC 2025 (39th International Electric Propulsion Conference), London",,,,,https://www.electricrocket.org/IEPC_2025/London/submission_425.pdf,"CU Aerospace, L.L.C.",United States of America
Bryce Kingsley,Fabrication and Characterization of Two-Photon Printed Glass Electrospray Emitters with Architected Microporous Structure,2025,"IEPC 2025 (39th International Electric Propulsion Conference), London",,,,,https://www.electricrocket.org/IEPC_2025/London/submission_426.pdf,Cornell University,United States of America
Jeffrey A. Bynum,Passive Damping of Ion Acoustic Turbulence in Thermionic Hollow Cathodes,2025,"IEPC 2025 (39th International Electric Propulsion Conference), London",,,,,https://www.electricrocket.org/IEPC_2025/London/submission_427.pdf,KBR,United States of America
Ian Johnson,Multi-Month Electric Orbit Raising with SPT-140’s and Roll Out Solar Arrays,2025,"IEPC 2025 (39th International Electric Propulsion Conference), London",,,,,https://www.electricrocket.org/IEPC_2025/London/submission_428.pdf,Maxar Space Systems,United States of America
Yuya Oshio,Characterization of Lab6 hollow cathodes using two-color thermometer and plasma diagnostics in emitter region,2025,"IEPC 2025 (39th International Electric Propulsion Conference), London",,,,,https://www.electricrocket.org/IEPC_2025/London/submission_434.pdf,Ryukoku University,Japan
Federico Romei,OhmSpace: High-Temperature Resistojet Solutions for Faster and Safer Electric Propulsion,2025,"IEPC 2025 (39th International Electric Propulsion Conference), London",,,,,https://www.electricrocket.org/IEPC_2025/London/submission_435.pdf,OhmSpace Srl,Italy
Matteo Da Valle,Laser-Induced fluorescence spectroscopy for N2 propelled plasma thrusters,2025,"IEPC 2025 (39th International Electric Propulsion Conference), London",,,,,https://www.electricrocket.org/IEPC_2025/London/submission_436.pdf,Colorado State University,United States of America
Matteo Ripoli,Analysis of drift-gradient instabilities and associated transport in a magnetic nozzle plasma,2025,"IEPC 2025 (39th International Electric Propulsion Conference), London",,,,,https://www.electricrocket.org/IEPC_2025/London/submission_438.pdf,Universidad Carlos III de Madrid,Spain
Mohammad Ali Moghaddasi,Qualification of ExoTerra’s Halo8 Hall-Effect Thruster on Krypton Propellant,2025,"IEPC 2025 (39th International Electric Propulsion Conference), London",,,,,https://www.electricrocket.org/IEPC_2025/London/submission_441.pdf,"ExoTerra Resource, LLC",United States of America
Olivia Kukar,Optimization of an Adamantane Thruster for CubeSat Deorbiting,2025,"IEPC 2025 (39th International Electric Propulsion Conference), London",,,,,https://www.electricrocket.org/IEPC_2025/London/submission_442.pdf,University of Southern California,United States of America
Hiroki Watanabe,Performance Characterization of a Radio Frequency Plasma Cathode with Carbon Dioxide,2025,"IEPC 2025 (39th International Electric Propulsion Conference), London",,,,,https://www.electricrocket.org/IEPC_2025/London/submission_444.pdf,Japan Aerospace Exploration Agency,Japan
Andrew M. Saladino,Erosion and Performance Trends from Long-Duration Test of a 400 W Class Hall Thruster Running Krypton Propellant,2025,"IEPC 2025 (39th International Electric Propulsion Conference), London",,,,,https://www.electricrocket.org/IEPC_2025/London/submission_446.pdf,"ExoTerra Resource, LLC",United States of America
Takeru Furukawa,Plasma Characteristics and Acceleration in a Miniature Radio Frequency Plasma Thruster Using Rotating Magnetic Field,2025,"IEPC 2025 (39th International Electric Propulsion Conference), London",,,,,https://www.electricrocket.org/IEPC_2025/London/submission_447.pdf,Kobe University,Japan
Kuniyoshi Tabata,Development and Testing of the Microwave Discharge Ion Engine for JAXA’s DESTINY+ Mission,2025,"IEPC 2025 (39th International Electric Propulsion Conference), London",,,,,https://www.electricrocket.org/IEPC_2025/London/submission_448.pdf,Japan Aerospace Exploration Agency,Japan
Emerson Lo,Adamantane Characterization Through Fragmentation Analysis for Plasma Propulsion Applications,2025,"IEPC 2025 (39th International Electric Propulsion Conference), London",,,,,https://www.electricrocket.org/IEPC_2025/London/submission_449.pdf,University of Southern California,United States of America
Asish James,Magnetic Field Topology Studies of Microwave Electron Cyclotron Resonance Thruster,2025,"IEPC 2025 (39th International Electric Propulsion Conference), London",,,,,https://www.electricrocket.org/IEPC_2025/London/submission_450.pdf,Liquid Propulsion Systems Centre,India
Ari J. Eckhaus,Experimental Investigation of Wall Material Effects in Electron Cyclotron Resonance Thrusters,2025,"IEPC 2025 (39th International Electric Propulsion Conference), London",,,,,https://www.electricrocket.org/IEPC_2025/London/submission_452.pdf,University of Michigan,United States of America
Yusuke Yamashita,Electron mobility estimation of hollow cathode plasma in different electrical configurations,2025,"IEPC 2025 (39th International Electric Propulsion Conference), London",,,,,https://www.electricrocket.org/IEPC_2025/London/submission_455.pdf,Stanford University,United States of America
John Auerbach,Multi-Diagnostic Investigation of a 3D-printed Electrode within an Inertial Electrostatic Confinement Thruster,2025,"IEPC 2025 (39th International Electric Propulsion Conference), London",,,,,https://www.electricrocket.org/IEPC_2025/London/submission_457.pdf,Pennsylvania State University,United States of America
Gen Ito,Study on Self Vector Control Method of Hall Thrusters in On-Orbit Service,2025,"IEPC 2025 (39th International Electric Propulsion Conference), London",,,,,https://www.electricrocket.org/IEPC_2025/London/submission_459.pdf,Astroscale Japan Inc.,Japan
Dylan Baronville,Dynamic Mode Decomposition of Axial-Azimuthal ExB Plasma: Investigating Anomalous Transport in a Hall Thruster,2025,"IEPC 2025 (39th International Electric Propulsion Conference), London",,,,,https://www.electricrocket.org/IEPC_2025/London/submission_460.pdf,Tohoku University,Japan
Anang Dadhich,Electrothermal quench modelling for the 100 kW SX3 thruster using superconducting coils,2025,"IEPC 2025 (39th International Electric Propulsion Conference), London",,,,,https://www.electricrocket.org/IEPC_2025/London/submission_463.pdf,Institute of Electrical Engineering,Slovakia
Zijie Li,Characteristics of a Permanent Magnet Hall Thruster discharging with different propellants,2025,"IEPC 2025 (39th International Electric Propulsion Conference), London",,,,,https://www.electricrocket.org/IEPC_2025/London/submission_464.pdf,Harbin Institute of Technology,People's Republic of China
Ullrich Siems,Fully Kinetic Simulation of the SPT-100: A Validation Case Study with VSTRAP-HET,2025,"IEPC 2025 (39th International Electric Propulsion Conference), London",,,,,https://www.electricrocket.org/IEPC_2025/London/submission_465.pdf,SPARC Industries SARL,Luxembourg
Ryoyu Mori,High-Entropy Ceramic Cathode for Strong Applied-Field MPD Thruster,2025,"IEPC 2025 (39th International Electric Propulsion Conference), London",,,,,https://www.electricrocket.org/IEPC_2025/London/submission_468.pdf,Nagoya University,Japan
Yasuhisa Oda,A Study of Electrostatic Acceleration of Dusty Plasma for Electric Propulsion Application,2025,"IEPC 2025 (39th International Electric Propulsion Conference), London",,,,,https://www.electricrocket.org/IEPC_2025/London/submission_470.pdf,Setsunan University,Japan
Ken Kasai,Feasibility Evaluation of Orbit Transfer Using Water Ion Thrusters Based on Experimental Data and Orbit Optimization,2025,"IEPC 2025 (39th International Electric Propulsion Conference), London",,,,,https://www.electricrocket.org/IEPC_2025/London/submission_474.pdf,University of Tokyo,Japan
Olgierd Cichorek,Parametric study of a breathing mode theory,2025,"IEPC 2025 (39th International Electric Propulsion Conference), London",,,,,https://www.electricrocket.org/IEPC_2025/London/submission_475.pdf,Institute of Plasma Physics and Laser Microfusion,Poland
Stefan Karatodorov,Experimental validation of low pressure neutral gas flow thermodynamic characterization with coherent Rayleigh Brillouin scattering,2025,"IEPC 2025 (39th International Electric Propulsion Conference), London",,,,,https://www.electricrocket.org/IEPC_2025/London/submission_476.pdf,Luxembourg Institute of Science and Technology,Luxembourg
Nathaniel J. Allwine,Analysis of the Effects of Extractor Orientation and Geometry on the Performance and Luminescence of a Porous Emitter Ionic Liquid Electrospray,2025,"IEPC 2025 (39th International Electric Propulsion Conference), London",,,,,https://www.electricrocket.org/IEPC_2025/London/submission_478.pdf,Western Michigan University,United States of America
Jennifer Ly,Development and Qualification of the 2U Iodine ACFT Propulsion Subsystem,2025,"IEPC 2025 (39th International Electric Propulsion Conference), London",,,,,https://www.electricrocket.org/IEPC_2025/London/submission_481.pdf,Airbus Defence and Space,Germany
Steven Ward,5kW Hall Thruster Coupling Test: High-Power Operation and Performance Optimization,2025,"IEPC 2025 (39th International Electric Propulsion Conference), London",,,,,https://www.electricrocket.org/IEPC_2025/London/submission_482.pdf,CisLunar Industries,United States of America
Joshua L. Rovey,Recommended Practice for Use of ExB Probes in Electric Propulsion Testing,2025,"IEPC 2025 (39th International Electric Propulsion Conference), London",,,,,https://www.electricrocket.org/IEPC_2025/London/submission_483.pdf,University of Illinois Urbana-Champaign,United States of America
Merve Balaban,Development and Characterization of a Miniaturized Hall-Effect Thruster,2025,"IEPC 2025 (39th International Electric Propulsion Conference), London",,,,,https://www.electricrocket.org/IEPC_2025/London/submission_485.pdf,BERLIN SPACE Consortium GmbH,Germany
Adam J. Bussey,Simulating the Effects of Space Charge on Divergence Efficiency Estimates of Electrospray Thrusters,2025,"IEPC 2025 (39th International Electric Propulsion Conference), London",,,,,https://www.electricrocket.org/IEPC_2025/London/submission_490.pdf,University of Michigan,United States of America
Andrew C. Denig,3D Particle-in-Cell Modeling of E×B Discharges,2025,"IEPC 2025 (39th International Electric Propulsion Conference), London",,,,,https://www.electricrocket.org/IEPC_2025/London/submission_492.pdf,Stanford University,United States of America
John W. Dankanich,Green Propulsion Dual Mode (GPDM) Path to Flight,2025,"IEPC 2025 (39th International Electric Propulsion Conference), London",,,,,https://www.electricrocket.org/IEPC_2025/London/submission_495.pdf,NASA Marshall Space Flight Center,United States of America
Takumi Tsuji,Hollow Anode Geometries for Improvement of Miniature Low-power Anode Layer Hall Thrusters,2025,"IEPC 2025 (39th International Electric Propulsion Conference), London",,,,,https://www.electricrocket.org/IEPC_2025/London/submission_497.pdf,Tokai University,Japan
Erik Mache,SPICA PPU,2025,"IEPC 2025 (39th International Electric Propulsion Conference), London",,,,,https://www.electricrocket.org/IEPC_2025/London/submission_498.pdf,ASP Equipment GmbH,Germany
Maria Smirnova,Atmosphere-Breathing Electric Propulsion in Earth and Mars Orbits: Basic Feasibility Studies and the Case for Radio-Frequency Ion Thrusters.,2025,"IEPC 2025 (39th International Electric Propulsion Conference), London",,,,,https://www.electricrocket.org/IEPC_2025/London/submission_499.pdf,TransMIT GmbH,Germany
Maria Smirnova,"Impulse Transfer Thruster – design, development and experimental characterisation of the Radio-Frequency Ion Engine for contactless space debris removal.",2025,"IEPC 2025 (39th International Electric Propulsion Conference), London",,,,,https://www.electricrocket.org/IEPC_2025/London/submission_500.pdf,TransMIT GmbH,Germany
Mariam Alhammadi,Pre-Flight Assessments of Xenon Propellant Usage Uncertainties for the Emirates Mission to the Asteroid Belt,2025,"IEPC 2025 (39th International Electric Propulsion Conference), London",,,,,https://www.electricrocket.org/IEPC_2025/London/submission_501.pdf,Technology Innovation Institute,United Arab Emirates
Tanguy Krzymuski,PPS®X00 Qualification Status,2025,"IEPC 2025 (39th International Electric Propulsion Conference), London",,,,,https://www.electricrocket.org/IEPC_2025/London/submission_503.pdf,Safran Spacecraft Propulsion,France
Cosimo Ducci,SITAEL Low-Power System Qualification Status,2025,"IEPC 2025 (39th International Electric Propulsion Conference), London",,,,,https://www.electricrocket.org/IEPC_2025/London/submission_504.pdf,SITAEL SpA,Italy
Piotr Fil,Application of neural networks for reconstruction of fluxes in ExB fields.,2025,"IEPC 2025 (39th International Electric Propulsion Conference), London",,,,,https://www.electricrocket.org/IEPC_2025/London/submission_505.pdf,Imperial College London,United Kingdom
Leanne L. Su,Experimentally-Measured Species Composition of a Radio-Frequency Cathode Operating with Water,2025,"IEPC 2025 (39th International Electric Propulsion Conference), London",,,,,https://www.electricrocket.org/IEPC_2025/London/submission_506.pdf,U.S. Naval Research Laboratory,United States of America
Taiki Achiha`,Experimental Investigation of performance dependence on secondary electron emission in a miniature microwave discharge ion thruster operated with water,2025,"IEPC 2025 (39th International Electric Propulsion Conference), London",,,,,https://www.electricrocket.org/IEPC_2025/London/submission_508.pdf,University of Tokyo,Japan
Benjamin Esteves,Research activities on iodine plasmas for Electric Propulsion at COMHET joint lab,2025,"IEPC 2025 (39th International Electric Propulsion Conference), London",,,,,https://www.electricrocket.org/IEPC_2025/London/submission_509.pdf,Safran Spacecraft Propulsion,France
Matthew J. Stasiukevicius,High Fidelity Hall Effect Thruster Plume Simulations with Facility Carbon Sputterant Tracking,2025,"IEPC 2025 (39th International Electric Propulsion Conference), London",,,,,https://www.electricrocket.org/IEPC_2025/London/submission_510.pdf,University of Colorado - Boulder,United States of America
Neil Wallace,Status of the BepiColombo Solar Electric Propulsion System (SEPS) in-flight operations and lessons learned,2025,"IEPC 2025 (39th International Electric Propulsion Conference), London",,,,,https://www.electricrocket.org/IEPC_2025/London/submission_511.pdf,European Space Agency,The Netherlands
Anil Bansal,Kinetic Simulation of an Electron Cyclotron Resonance Plasma Cathode with Double Layer Formation,2025,"IEPC 2025 (39th International Electric Propulsion Conference), London",,,,,https://www.electricrocket.org/IEPC_2025/London/submission_512.pdf,University of Michigan,United States of America
Ajay Krishnan,Investigating the Impact of Wire Harness Inductance on Hall Thruster Discharge Oscillations,2025,"IEPC 2025 (39th International Electric Propulsion Conference), London",,,,,https://www.electricrocket.org/IEPC_2025/London/submission_513.pdf,Georgia Institute of Technology,United States of America
Ajay Krishnan,Real-Time Machine Learning Control of a Hall Thruster Discharge Plasma,2025,"IEPC 2025 (39th International Electric Propulsion Conference), London",,,,,https://www.electricrocket.org/IEPC_2025/London/submission_515.pdf,Georgia Institute of Technology,United States of America
Patrick A. Murphy,Electric Propulsion Loading Methods and Process Improvements Through Flight Experience,2025,"IEPC 2025 (39th International Electric Propulsion Conference), London",,,,,https://www.electricrocket.org/IEPC_2025/London/submission_516.pdf,Maxar Space Systems,United States of America
Sofia Abrunhosa,Faraday Cup Matrix for Ion Current Distribution Mapping in FEEP Thrusters,2025,"IEPC 2025 (39th International Electric Propulsion Conference), London",,,,,https://www.electricrocket.org/IEPC_2025/London/submission_520.pdf,Centre de Nanosciences et Nanotechnologies,France
Akira Iwakawa,Preliminary Performance Evaluation of PBH Water-vapor Hall Effect Thruster,2025,"IEPC 2025 (39th International Electric Propulsion Conference), London",,,,,https://www.electricrocket.org/IEPC_2025/London/submission_521.pdf,"Pale Blue, Inc.",Japan
Javier Torres,Development of a multi-technology and Multi-Voltage Power Processing Unit (MVPPU),2025,"IEPC 2025 (39th International Electric Propulsion Conference), London",,,,,https://www.electricrocket.org/IEPC_2025/London/submission_523.pdf,Airbus Crisa,Spain
John Riley K. O’Toole,Efficiency Mode Characterization of an Electron Cyclotron Resonance Magnetic Nozzle Thruster Operating on Nitrogen,2025,"IEPC 2025 (39th International Electric Propulsion Conference), London",,,,,https://www.electricrocket.org/IEPC_2025/London/submission_524.pdf,University of Michigan,United States of America
Anna J. Sheppard,Evaluation of a Radio-Frequency Cathode Sheath Model on Argon and Water using Direct Measurements of Electron Temperature,2025,"IEPC 2025 (39th International Electric Propulsion Conference), London",,,,,https://www.electricrocket.org/IEPC_2025/London/submission_525.pdf,Technology Services Corporation,United States of America
Antonio Piragino,Safran’s EPS-X00 low power propulsion system:  Latest Development and Qualification tests,2025,"IEPC 2025 (39th International Electric Propulsion Conference), London",,,,,https://www.electricrocket.org/IEPC_2025/London/submission_526.pdf,Safran Spacecraft Propulsion,France
Victor Desangles,First Characterisation of Iodine-powered ECRA thruster,2025,"IEPC 2025 (39th International Electric Propulsion Conference), London",,,,,https://www.electricrocket.org/IEPC_2025/London/submission_529.pdf,Universite Paris-Saclay,France
Max Vaupel,Development and performance of an iodine-fed CubeSat ACFT qualification model,2025,"IEPC 2025 (39th International Electric Propulsion Conference), London",,,,,https://www.electricrocket.org/IEPC_2025/London/submission_533.pdf,Airbus,Germany
Tsanko V. Tsankov,Towards machine learning for Hall Effect Thruster plasma parameter estimation from spectroscopic data,2025,"IEPC 2025 (39th International Electric Propulsion Conference), London",,,,,https://www.electricrocket.org/IEPC_2025/London/submission_534.pdf,École Polytechnique,France
Clarence Deltel,Safran's PPS®NG: Next-Generation Medium-Power Hall Effect Thruster,2025,"IEPC 2025 (39th International Electric Propulsion Conference), London",,,,,https://www.electricrocket.org/IEPC_2025/London/submission_535.pdf,Safran Spacecraft Propulsion,France
Suzan Green,Leveraging Existing Electric Propulsion Capabilities for the Emirates Mission to the Asteroid Belt,2025,"IEPC 2025 (39th International Electric Propulsion Conference), London",,,,,https://www.electricrocket.org/IEPC_2025/London/submission_537.pdf,University of Colorado - Boulder,United States of America
Jaejun Lee,Low-Current Hollow Cathode Plasma Model for Keeper Power Prediction,2025,"IEPC 2025 (39th International Electric Propulsion Conference), London",,,,,https://www.electricrocket.org/IEPC_2025/London/submission_540.pdf,Korea Advanced Institute of Science and Technology,Republic of Korea
Bernhard Seifert,FOTEC’s Plasma Diagnostic Systems: Demonstration using the new ECLIPSE FEEP Thruster,2025,"IEPC 2025 (39th International Electric Propulsion Conference), London",,,,,https://www.electricrocket.org/IEPC_2025/London/submission_541.pdf,FOTEC Forschungs- und Technologietransfer GmbH,Austria
Klevis Gasa,Plasma Potential Measurements in a Dry Neutraliser Coupled with a RF Ion Thruster,2025,"IEPC 2025 (39th International Electric Propulsion Conference), London",,,,,https://www.electricrocket.org/IEPC_2025/London/submission_542.pdf,University of Southampton,United Kingdom
Pascal Chabert,Performance predictions for Hall thrusters fueled by iodine,2025,"IEPC 2025 (39th International Electric Propulsion Conference), London",,,,,https://www.electricrocket.org/IEPC_2025/London/submission_543.pdf,Sorbonne Universite,France
Shengtao Liang,Experimental Research on Micro-thrust Measurement System Development and Ground-Based Testing of Hall Thrusters for the Taiji Gravitational Wave Detection Mission,2025,"IEPC 2025 (39th International Electric Propulsion Conference), London",,,,,https://www.electricrocket.org/IEPC_2025/London/submission_546.pdf,Hangzhou Institute of Advanced Study,People's Republic of China
Junhwi Bak,Comparison of Langmuir probe and laser Thomson scattering for low-density E×B Penning discharge plasmas,2025,"IEPC 2025 (39th International Electric Propulsion Conference), London",,,,,https://www.electricrocket.org/IEPC_2025/London/submission_549.pdf,Texas A&M University,United States of America
Benno Riha,NPT30-I2: From In-Orbit Demonstration to Historically Biggest Gridded-Ion Fleet in Space,2025,"IEPC 2025 (39th International Electric Propulsion Conference), London",,,,,https://www.electricrocket.org/IEPC_2025/London/submission_552.pdf,ThrustMe,France
Jonathan Skalden,Iodine Test Facility at the Institute of Space Systems,2025,"IEPC 2025 (39th International Electric Propulsion Conference), London",,,,,https://www.electricrocket.org/IEPC_2025/London/submission_553.pdf,University of Stuttgart,Germany
Jonathan Skalden,Characterization of an Additively Manufactured Arcjet Thruster with Doped Tungsten Inserts,2025,"IEPC 2025 (39th International Electric Propulsion Conference), London",,,,,https://www.electricrocket.org/IEPC_2025/London/submission_554.pdf,University of Stuttgart,Germany
Bruno Moriconi,Setup and characterization of a novel facility for air-breathing electric thrusters,2025,"IEPC 2025 (39th International Electric Propulsion Conference), London",,,,,https://www.electricrocket.org/IEPC_2025/London/submission_558.pdf,Sant’Anna School of Advanced Studies,Italy
Joseph A. Moskovitz,Performance Comparison and Analysis of Low-Power Hall Thruster Operation on Inert and Molecular Propellants,2025,"IEPC 2025 (39th International Electric Propulsion Conference), London",,,,,https://www.electricrocket.org/IEPC_2025/London/submission_559.pdf,Georgia Institute of Technology,United States of America
Leonardo Troise,"Design and development of a modular, low current, heaterless hollow cathode for space electric propulsion",2025,"IEPC 2025 (39th International Electric Propulsion Conference), London",,,,,https://www.electricrocket.org/IEPC_2025/London/submission_560.pdf,University of Pisa,Italy
Bhavya Mahajan,Development of a 500W-class high-voltage argon-fed Hall thruster,2025,"IEPC 2025 (39th International Electric Propulsion Conference), London",,,,,https://www.electricrocket.org/IEPC_2025/London/submission_561.pdf,University of Pisa,Italy
Adler Smith,A Review of Multiscale Modeling of Electrospray Plumes,2025,"IEPC 2025 (39th International Electric Propulsion Conference), London",,,,,https://www.electricrocket.org/IEPC_2025/London/submission_563.pdf,Cornell University,United States of America
Collin B. Whittaker,Emitter Variability Inferred by Training Single-Emitter Models on Electrospray Array Tests,2025,"IEPC 2025 (39th International Electric Propulsion Conference), London",,,,,https://www.electricrocket.org/IEPC_2025/London/submission_564.pdf,University of Michigan,United States of America
Ioannis G. Mikellides,Application of the Multifluid Code OrCa2D for Simulations of the Multichannel Cathode and Anode Discharge in High-power Lithium Magnetoplasmadynamic Thrusters,2025,"IEPC 2025 (39th International Electric Propulsion Conference), London",,,,,https://www.electricrocket.org/IEPC_2025/London/submission_565.pdf,Jet Propulsion Laboratory / California Institute of Technology,United States of America
Kimberlyn Tilley,Space Vehicle Hot-Fire Testing of a 4 Hall Effect Thruster System,2025,"IEPC 2025 (39th International Electric Propulsion Conference), London",,,,,https://www.electricrocket.org/IEPC_2025/London/submission_566.pdf,Blue Canyon Technologies,United States of America
Maieul Girard,Flight heritage of spaceware™ - micro Hall effect systems: Focus on spacevan™-001 mission,2025,"IEPC 2025 (39th International Electric Propulsion Conference), London",,,,,https://www.electricrocket.org/IEPC_2025/London/submission_570.pdf,Exotrail,France
Kazutaka Nishiyama,Ion Engine Operation during Hayabusa2 Extended Mission before the Flyby with Asteroid 2001 CC21,2025,"IEPC 2025 (39th International Electric Propulsion Conference), London",,,,,https://www.electricrocket.org/IEPC_2025/London/submission_572.pdf,Japan Aerospace Exploration Agency,Japan
Tao Chen,Study of the plasma performance of the LIPS-300 Ion Thruster discharge chamber for asteroid exploration mission,2025,"IEPC 2025 (39th International Electric Propulsion Conference), London",,,,,https://www.electricrocket.org/IEPC_2025/London/submission_574.pdf,Lanzhou Institute of Physics,People's Republic of China
Dongha Park,In-Orbit Demonstration Mission of a Miniature Hall Thruster Using the 3U CubeSat K-HERO,2025,"IEPC 2025 (39th International Electric Propulsion Conference), London",,,,,https://www.electricrocket.org/IEPC_2025/London/submission_575.pdf,Korea Advanced Institute of Science and Technology,Republic of Korea
Denis Packan,New ERIS vacuum facility at ONERA,2025,"IEPC 2025 (39th International Electric Propulsion Conference), London",,,,,https://www.electricrocket.org/IEPC_2025/London/submission_576.pdf,ONERA,France
Molly C. Barrow,Development of a 2.2 kW Hall thruster operating on zinc or magnesium as the propellant,2025,"IEPC 2025 (39th International Electric Propulsion Conference), London",,,,,https://www.electricrocket.org/IEPC_2025/London/submission_577.pdf,University of Southampton,United Kingdom
Seth J. Thompson,Causality Study of Pressure Effects on Hall Thruster Telemetry,2025,"IEPC 2025 (39th International Electric Propulsion Conference), London",,,,,https://www.electricrocket.org/IEPC_2025/London/submission_580.pdf,Colorado State University,United States of America
Elia Bianchini,Development and Validation of Diagnostic Probe Systems for Air-Breathing Plasma Thrusters,2025,"IEPC 2025 (39th International Electric Propulsion Conference), London",,,,,https://www.electricrocket.org/IEPC_2025/London/submission_582.pdf,Sant’Anna School of Advanced Studies,Italy
Alexander J.N. Daykin-Iliopoulos,Radio Frequency Ion Engine and Dry Neutralizer Development and Coupled Testing for CubeSat Missions,2025,"IEPC 2025 (39th International Electric Propulsion Conference), London",,,,,https://www.electricrocket.org/IEPC_2025/London/submission_583.pdf,Mars Space Ltd.,United Kingdom
Ten Arai,Investigation of the Magnetic and Thermal Effects of Wireless System Implementation in Thrust Measurement for Micropropulsion Systems,2025,"IEPC 2025 (39th International Electric Propulsion Conference), London",,,,,https://www.electricrocket.org/IEPC_2025/London/submission_584.pdf,University of Tokyo,Japan
Christopher M. Cretel,Electric Propulsion Mission Life Prediction using a Multi-Fidelity Modeling Framework,2025,"IEPC 2025 (39th International Electric Propulsion Conference), London",,,,,https://www.electricrocket.org/IEPC_2025/London/submission_585.pdf,Oregon State University,United States of America
Stephen B. Gabriel,The Effects of Secondary Emission on a Heaterless Hollow Cathode,2025,"IEPC 2025 (39th International Electric Propulsion Conference), London",,,,,https://www.electricrocket.org/IEPC_2025/London/submission_586.pdf,University of Southampton,United Kingdom
Tyler J. Topham,Impacts of thruster chassis potential on beam neutralization at high-power densities,2025,"IEPC 2025 (39th International Electric Propulsion Conference), London",,,,,https://www.electricrocket.org/IEPC_2025/London/submission_588.pdf,University of Michigan,United States of America
Kiyoshi Kinefuchi,Dry Ice Propulsion System Using Triple-Point Storage for Electric Propulsion Spacecraft,2025,"IEPC 2025 (39th International Electric Propulsion Conference), London",,,,,https://www.electricrocket.org/IEPC_2025/London/submission_589.pdf,Nagoya University,Japan
Jesús Perales-Díaz,2D numerical characterization of the PPS5000 Dual Hall thruster,2025,"IEPC 2025 (39th International Electric Propulsion Conference), London",,,,,https://www.electricrocket.org/IEPC_2025/London/submission_591.pdf,Universidad Carlos III de Madrid,Spain
François Gutierrez,Modelling of Bepi-Colombo T6 thruster Plumes coupling with the spacecraft during the cruise phase,2025,"IEPC 2025 (39th International Electric Propulsion Conference), London",,,,,https://www.electricrocket.org/IEPC_2025/London/submission_592.pdf,ESA-ESTEC,The Netherlands
Paul-Quentin Elias,Study of the Dynamic of a collisionless plasma in a magnetic nozzle using 3D Particle-In-Cell.,2025,"IEPC 2025 (39th International Electric Propulsion Conference), London",,,,,https://www.electricrocket.org/IEPC_2025/London/submission_593.pdf,Universite Paris-Saclay,France
Yung-An Chan,Discharge and Plume Characteristics of ALFVEN Thruster,2025,"IEPC 2025 (39th International Electric Propulsion Conference), London",,,,,https://www.electricrocket.org/IEPC_2025/London/submission_594.pdf,German Aerospace Center,Germany
Yung-An Chan,Investigation of the Magnetic Nozzle Configuration on the ALFVEN Thruster Performance,2025,"IEPC 2025 (39th International Electric Propulsion Conference), London",,,,,https://www.electricrocket.org/IEPC_2025/London/submission_595.pdf,German Aerospace Center,Germany
Mansur Tisaev,Plasma generation and collisional radiative mechanisms for xenon RF thrusters,2025,"IEPC 2025 (39th International Electric Propulsion Conference), London",,,,,https://www.electricrocket.org/IEPC_2025/London/submission_596.pdf,Oregon State University,United States of America
Pierre Amadio,2D hybrid simulations of Hall Thrusters: effect of self-consistently generated multiply charged ions,2025,"IEPC 2025 (39th International Electric Propulsion Conference), London",,,,,https://www.electricrocket.org/IEPC_2025/London/submission_601.pdf,Safran Spacecraft Propulsion,France
Alexandros Gerakis,Towards flow characterization of ion thrusters with coherent Rayleigh-Brillouin scattering,2025,"IEPC 2025 (39th International Electric Propulsion Conference), London",,,,,https://www.electricrocket.org/IEPC_2025/London/submission_603.pdf,Luxembourg Institute of Science and Technology,Luxembourg
Richard A. Obenchain,Neutral Drift and Transport in Ion and Hall Thruster Test Facilities,2025,"IEPC 2025 (39th International Electric Propulsion Conference), London",,,,,https://www.electricrocket.org/IEPC_2025/London/submission_606.pdf,Oregon State University,United States of America
Neil Wallace,Lessons learned during the BepiColombo Solar Electric Propulsion System (SEPS) qualification campaign,2025,"IEPC 2025 (39th International Electric Propulsion Conference), London",,,,,https://www.electricrocket.org/IEPC_2025/London/submission_608.pdf,European Space Agency,The Netherlands
Richard A. Obenchain,Charge Exchange (CEX) Corrections for Electric Propulsion Facilities,2025,"IEPC 2025 (39th International Electric Propulsion Conference), London",,,,,https://www.electricrocket.org/IEPC_2025/London/submission_609.pdf,Oregon State University,United States of America
Adam M. Baker,SuperMagdrive pulsed power system: Progress towards meeting the electric propulsion needs of larger spacecraft.,2025,"IEPC 2025 (39th International Electric Propulsion Conference), London",,,,,https://www.electricrocket.org/IEPC_2025/London/submission_610.pdf,Magdrive UK Ltd.,United Kingdom
Yuheng Deng,Novel Concept of a MEMS like Thermionic Cathode Neutralizer for EP Systems,2025,"IEPC 2025 (39th International Electric Propulsion Conference), London",,,,,https://www.electricrocket.org/IEPC_2025/London/submission_611.pdf,University of Southampton,United Kingdom
Yuheng Deng,Field Emitter Array Neutralizer for EP Systems,2025,"IEPC 2025 (39th International Electric Propulsion Conference), London",,,,,https://www.electricrocket.org/IEPC_2025/London/submission_612.pdf,University of Southampton,United Kingdom
Nicholas R. Laws,Ab initio Simulations of EMI-BF4 Neutral-Surface Interactions in Electrospray Thrusters,2025,"IEPC 2025 (39th International Electric Propulsion Conference), London",,,,,https://www.electricrocket.org/IEPC_2025/London/submission_613.pdf,Cornell University,United States of America
Adler Smith,Emittance Characterization of Pure Ion Electrospray Devices,2025,"IEPC 2025 (39th International Electric Propulsion Conference), London",,,,,https://www.electricrocket.org/IEPC_2025/London/submission_622.pdf,Cornell University,United States of America
Matthew S. Glascock,Updates on In-Orbit Operations of the Halo Electric Propulsion System,2025,"IEPC 2025 (39th International Electric Propulsion Conference), London",,,,,https://www.electricrocket.org/IEPC_2025/London/submission_623.pdf,"ExoTerra Resource, LLC",United States of America
Takanobu Muranaka,Laboratory Experiments to Elucidate Spacecraft Surface Erosion in Operation of Gridded Ion Thrusters,2025,"IEPC 2025 (39th International Electric Propulsion Conference), London",,,,,https://www.electricrocket.org/IEPC_2025/London/submission_624.pdf,Chukyo University,Japan
Ana Clecia Alves Almeida,Characterization of Graphite Beam Target Sputtering Products in Electric Propulsion,2025,"IEPC 2025 (39th International Electric Propulsion Conference), London",,,,,https://www.electricrocket.org/IEPC_2025/London/submission_625.pdf,University of Michigan,United States of America
Ian J. Hofbeck,Spatial Spectroscopy for Hall Thruster Plasma Characterization,2025,"IEPC 2025 (39th International Electric Propulsion Conference), London",,,,,https://www.electricrocket.org/IEPC_2025/London/submission_630.pdf,Oregon State University,United States of America
Aoma Fujimori,Laser-induced Fluorescence Diagnostics for Flow Characterization in Water-vapor Hall Thruster,2025,"IEPC 2025 (39th International Electric Propulsion Conference), London",,,,,https://www.electricrocket.org/IEPC_2025/London/submission_631.pdf,University of Tokyo,Japan
Alejandro Alvarez Laguna,Collisional terms for a 14-moment closure for electrons in weakly-ionized plasmas,2025,"IEPC 2025 (39th International Electric Propulsion Conference), London",,,,,https://www.electricrocket.org/IEPC_2025/London/submission_632.pdf,Institut Polytechnique de Paris,France
Keisuke Nakata,Measurement of Plume Potential Distribution for 10cm-class Microwave Discharge Ion Thruster in the vicinity of the Thruster Exit in Laboratory Experiment,2025,"IEPC 2025 (39th International Electric Propulsion Conference), London",,,,,https://www.electricrocket.org/IEPC_2025/London/submission_633.pdf,Chukyo University,Japan
Francesco Marconcini,Characterisation of the 20 kW TANDEM Hall Thruster Cathode and 3D-printed Anodes in the Framework of the CHEOPS-VHP-BB Project,2025,"IEPC 2025 (39th International Electric Propulsion Conference), London",,,,,https://www.electricrocket.org/IEPC_2025/London/submission_634.pdf,AEROSPAZIO Tecnologie Srl,Italy
Franco Bosi,A Review of Electron Sources Development for Electric Propulsion at Mars Space Ltd,2025,"IEPC 2025 (39th International Electric Propulsion Conference), London",,,,,https://www.electricrocket.org/IEPC_2025/London/submission_635.pdf,Mars Space Ltd.,United Kingdom
Yuichi Nakagawa,Ground Tests and On-orbit Demonstration of PBI Water Ion Thruster,2025,"IEPC 2025 (39th International Electric Propulsion Conference), London",,,,,https://www.electricrocket.org/IEPC_2025/London/submission_636.pdf,"Pale Blue, Inc.",Japan
R. Joseph Cassady,A Procurement Strategy Enabling Xenon-Based Nuclear Electric Propulsion Missions for Mars Exploration,2025,"IEPC 2025 (39th International Electric Propulsion Conference), London",,,,,https://www.electricrocket.org/IEPC_2025/London/submission_637.pdf,Aerojet Rocketdyne,United States of America
Koki Ikeda,Plasma Diagnostics of Cylindrical Hall Thruster Using Water-Vapor Propellant,2025,"IEPC 2025 (39th International Electric Propulsion Conference), London",,,,,https://www.electricrocket.org/IEPC_2025/London/submission_638.pdf,University of Tokyo,Japan
Yuichi Nakagawa,Thrust Estimation from the On-orbit Result of Resistojet Thrusters Operation Using Liquid Propellant,2025,"IEPC 2025 (39th International Electric Propulsion Conference), London",,,,,https://www.electricrocket.org/IEPC_2025/London/submission_640.pdf,"Pale Blue, Inc.",Japan
William J. Hurley,Facility Modifications for High Power Hall Thruster Testing,2025,"IEPC 2025 (39th International Electric Propulsion Conference), London",,,,,https://www.electricrocket.org/IEPC_2025/London/submission_641.pdf,University of Michigan,United States of America
Maho Matsukura,Electron Transport by Electron Drift Instability with Atomic Oxygen in Hall Thrusters,2025,"IEPC 2025 (39th International Electric Propulsion Conference), London",,,,,https://www.electricrocket.org/IEPC_2025/London/submission_642.pdf,University of Tokyo,Japan
Antonio Piragino,Technology demonstration testing of the PPS®20k Thruster,2025,"IEPC 2025 (39th International Electric Propulsion Conference), London",,,,,https://www.electricrocket.org/IEPC_2025/London/submission_647.pdf,Safran Spacecraft Propulsion,France
Gopika Mukundan,Fabrication and Performance Evaluation Using Advanced Materials for Electrospray Thrusters,2025,"IEPC 2025 (39th International Electric Propulsion Conference), London",,,,,https://www.electricrocket.org/IEPC_2025/London/submission_648.pdf,Cranfield University,United Kingdom
Dominic Marangone,Performance Characterization of the RIT3.5 Radiofrequency Ion Thruster coupled with the HC4 Hollow Cathode Neutralizer,2025,"IEPC 2025 (39th International Electric Propulsion Conference), London",,,,,https://www.electricrocket.org/IEPC_2025/London/submission_649.pdf,Mars Space Ltd.,United Kingdom
Joseph W. Zimmerman,Pulsed MPD Propulsion for Air-breathing Satellites in VLEO,2025,"IEPC 2025 (39th International Electric Propulsion Conference), London",,,,,https://www.electricrocket.org/IEPC_2025/London/submission_651.pdf,"CU Aerospace, L.L.C.",United States of America
Rodney L. Burton,Fundamental Characteristics of VLEO Satellites with Airbreathing Propulsion,2025,"IEPC 2025 (39th International Electric Propulsion Conference), London",,,,,https://www.electricrocket.org/IEPC_2025/London/submission_652.pdf,"CU Aerospace, L.L.C.",United States of America
Fabiano Perini,Laser Spectroscopy (LIF) and Optical Emission Spectroscopy (OES) study on a Water-Vapor Hall Thruster.,2025,"IEPC 2025 (39th International Electric Propulsion Conference), London",,,,,https://www.electricrocket.org/IEPC_2025/London/submission_653.pdf,CNRS,France
Marcel Berger,Modular Electric Pressure Regulator Design for Various Spacecraft Propulsion Systems,2025,"IEPC 2025 (39th International Electric Propulsion Conference), London",,,,,https://www.electricrocket.org/IEPC_2025/London/submission_655.pdf,AST Advanced Space Technologies GmbH,Germany
Kyoungeun Lee,Investigation of strategies for azimuthal magnetic field enhancement in magnetoplasmadynamic thrusters,2025,"IEPC 2025 (39th International Electric Propulsion Conference), London",,,,,https://www.electricrocket.org/IEPC_2025/London/submission_656.pdf,Georgia Institute of Technology,United States of America
Mohammed Asif,Recycle Operations as Precursors to Wear Testing in the Western Miniature ECR Gridded Ion Thruster,2025,"IEPC 2025 (39th International Electric Propulsion Conference), London",,,,,https://www.electricrocket.org/IEPC_2025/London/submission_657.pdf,Western Michigan University,United States of America
Fa Zhu,"A CAE Software for Gridded Ion Thrusters in Research, Development, and Education",2025,"IEPC 2025 (39th International Electric Propulsion Conference), London",,,,,https://www.electricrocket.org/IEPC_2025/London/submission_660.pdf,SPARC Industries SARL,Luxembourg
Richard E. Wirz,"Electric Propulsion Research Activities in the Plasma, Energy, & Space Propulsion Laboratory",2025,"IEPC 2025 (39th International Electric Propulsion Conference), London",,,,,https://www.electricrocket.org/IEPC_2025/London/submission_661.pdf,University of California,United States of America
Kai Liang,Development of 200W–800 W Hall electric propulsion subsystem in LIP.,2025,"IEPC 2025 (39th International Electric Propulsion Conference), London",,,,,https://www.electricrocket.org/IEPC_2025/London/submission_664.pdf,Lanzhou Institute of Physics,People's Republic of China
Andrea M. Harteloo,Broadband Characterization of Hall Thruster Discharge and Cathode Multimode Plasma Oscillations via FastOES,2025,"IEPC 2025 (39th International Electric Propulsion Conference), London",,,,,https://www.electricrocket.org/IEPC_2025/London/submission_665.pdf,Oregon State University,United States of America
Dmytro Sydorenko,Simulation of an inductively coupled plasma with a two-dimensional Darwin particle-in-cell code,2025,"IEPC 2025 (39th International Electric Propulsion Conference), London",,,,,https://www.electricrocket.org/IEPC_2025/London/submission_669.pdf,University of Alberta,Canada
Davar Feili,EP Technology Assessment for Nuclear Electric Propulsion (NEP),2025,"IEPC 2025 (39th International Electric Propulsion Conference), London",,,,,https://www.electricrocket.org/IEPC_2025/London/submission_672.pdf,ESA-ESTEC,The Netherlands
Kentaro Hara,Estimation of electron dynamics using ensemble Kalman filtering,2025,"IEPC 2025 (39th International Electric Propulsion Conference), London",,,,,https://www.electricrocket.org/IEPC_2025/London/submission_674.pdf,Stanford University,United States of America
Kentaro Hara,Plasma Impedance of Hall Effect Thrusters,2025,"IEPC 2025 (39th International Electric Propulsion Conference), London",,,,,https://www.electricrocket.org/IEPC_2025/London/submission_675.pdf,Stanford University,United States of America
Nils Hildebrand,High-Pressure Krypton Valves for Flow Control and Electric Pressure Regulator Units,2025,"IEPC 2025 (39th International Electric Propulsion Conference), London",,,,,https://www.electricrocket.org/IEPC_2025/London/submission_682.pdf,AST Advanced Space Technologies GmbH,Germany
Simeon M. Marinov,Optimising the efficiency of MET with surface wave plasma,2025,"IEPC 2025 (39th International Electric Propulsion Conference), London",,,,,https://www.electricrocket.org/IEPC_2025/London/submission_684.pdf,Sofia University,Bulgaria
Johan Kuiper,Qualification status and prospects of the Low Power Fluid Management Systems,2025,"IEPC 2025 (39th International Electric Propulsion Conference), London",,,,,https://www.electricrocket.org/IEPC_2025/London/submission_686.pdf,Bradford Space,The Netherlands
Kotaro Aoki,Thrust performance of Applied-Field Magnetoplasmadynamic Thruster with “Virtual Cathode”,2025,"IEPC 2025 (39th International Electric Propulsion Conference), London",,,,,https://www.electricrocket.org/IEPC_2025/London/submission_688.pdf,University of Tsukuba,Japan
John E. Foster,Recommended Practices for the Experimental Characterization of Gridded Ion Engines,2025,"IEPC 2025 (39th International Electric Propulsion Conference), London",,,,,https://www.electricrocket.org/IEPC_2025/London/submission_690.pdf,University of Michigan,United States of America
Elizabeth Gutierrez,Spectroscopic Characterisation of the RF Helicon-Based Plasma Thruster at IRS,2025,"IEPC 2025 (39th International Electric Propulsion Conference), London",,,,,https://www.electricrocket.org/IEPC_2025/London/submission_692.pdf,University of Stuttgart,Germany
Aeriana Venuta Narbonne,Quantum Algorithms for Investigation of Particle Motion in Electric Propulsion,2025,"IEPC 2025 (39th International Electric Propulsion Conference), London",,,,,https://www.electricrocket.org/IEPC_2025/London/submission_694.pdf,Royal Military College of Canada,Canada
Daigo Takasaki,Electron emission performance of a LaB6 thermionc cathode coupled with a water-vapor Hall thruster,2025,"IEPC 2025 (39th International Electric Propulsion Conference), London",,,,,https://www.electricrocket.org/IEPC_2025/London/submission_696.pdf,University of Tokyo,Japan
Silvia Masillo,Characterisation of the Halo Thruster: Plasma diagnostics and ground-test facility effects,2025,"IEPC 2025 (39th International Electric Propulsion Conference), London",,,,,https://www.electricrocket.org/IEPC_2025/London/submission_697.pdf,Swissto12 SA,Switzerland
Colin M. Hegarty,Hall Thruster Plume Interactions Analysis and Mitigation for Astranis MicroGEO Satellites,2025,"IEPC 2025 (39th International Electric Propulsion Conference), London",,,,,https://www.electricrocket.org/IEPC_2025/London/submission_700.pdf,Astranis Space Technologies Corporation,United States of America
Stephen Clark,Development of a CubeSat Propulsion System,2025,"IEPC 2025 (39th International Electric Propulsion Conference), London",,,,,https://www.electricrocket.org/IEPC_2025/London/submission_705.pdf,Mars Space Ltd.,United Kingdom
Roberto Martelli,Characterization of a 600 A Barium Oxide-Based Hollow Cathode,2025,"IEPC 2025 (39th International Electric Propulsion Conference), London",,,,,https://www.electricrocket.org/IEPC_2025/London/submission_706.pdf,Colorado State University,United States of America
Madison G. Allen,Comparison of the Response of a 9kW-Class Hall Effect Thruster to Facility Pressure Between Two Test Facilities,2025,"IEPC 2025 (39th International Electric Propulsion Conference), London",,,,,https://www.electricrocket.org/IEPC_2025/London/submission_708.pdf,University of Michigan,United States of America
Kaisei Takimoto,Performance Enhancement of Argon Hall Thruster by Applying a Magnetic Field to Propellant Supply Section,2025,"IEPC 2025 (39th International Electric Propulsion Conference), London",,,,,https://www.electricrocket.org/IEPC_2025/London/submission_710.pdf,University of Tsukuba,Japan
Hendrix Price,A Model of a Combined ESA and ExB Probe,2025,"IEPC 2025 (39th International Electric Propulsion Conference), London",,,,,https://www.electricrocket.org/IEPC_2025/London/submission_711.pdf,Colorado State University,United States of America
Claude Blue,STARGATE: An Experimental Gridded Ion Thruster Undergraduate Student Research Project,2025,"IEPC 2025 (39th International Electric Propulsion Conference), London",,,,,https://www.electricrocket.org/IEPC_2025/London/submission_712.pdf,University of Alabama - Huntsville,United States of America
Paolo Gessini,Design and Parametric Study of a Low-Power PPT for a PocketQube-Class Satellite,2025,"IEPC 2025 (39th International Electric Propulsion Conference), London",,,,,https://www.electricrocket.org/IEPC_2025/London/submission_713.pdf,University of Brasília,Brazil
Emil J. Broemmelsiek,Management of Lithium Propellant forMagnetoplasmadynamic Thrusters,2025,"IEPC 2025 (39th International Electric Propulsion Conference), London",,,,,https://www.electricrocket.org/IEPC_2025/London/submission_717.pdf,Princeton University,United States of America
Jonathan V. MacArthur,"Voltage-Current Characteristics of Self-field Magnetoplasmadynamic Thrusters: Modeling, Experimental Measurements and Application to Lithium Propellant.",2025,"IEPC 2025 (39th International Electric Propulsion Conference), London",,,,,https://www.electricrocket.org/IEPC_2025/London/submission_721.pdf,Princeton University,United States of America
Sedina Tsikata,Analysis of electromagnetic instabilities in magnetoplasmadynamic thrusters,2025,"IEPC 2025 (39th International Electric Propulsion Conference), London",,,,,https://www.electricrocket.org/IEPC_2025/London/submission_722.pdf,Georgia Institute of Technology,United States of America
Edgar Y. Choueiri,A Critical History of Electric Propulsion. Part II:  1957-1979,2025,"IEPC 2025 (39th International Electric Propulsion Conference), London",,,,,https://www.electricrocket.org/IEPC_2025/London/submission_723.pdf,Princeton University,United States of America
Ethan T. Dale,Methods for Reducing Backspuitter of Beam Dump Material in Electric Propulsion Testing,2025,"IEPC 2025 (39th International Electric Propulsion Conference), London",,,,,https://www.electricrocket.org/IEPC_2025/London/submission_728.pdf,The Aerospace Corporation,United States of America
Maxime Monette,Morpheus GO-2 IOD: In-orbit Demonstration of a 40-Thruster FEEP System,2025,"IEPC 2025 (39th International Electric Propulsion Conference), London",,,,,https://www.electricrocket.org/IEPC_2025/London/submission_729.pdf,Morpheus Space GmbH,Germany
Maurizio Saggiani,Transient Emission Dynamics During Polarity Switching in Externally Wetted Electrospray Thrusters,2025,"IEPC 2025 (39th International Electric Propulsion Conference), London",,,,,https://www.electricrocket.org/IEPC_2025/London/submission_730.pdf,IENAI Space S.L.,Spain
Frederic Messine,"Topology, Shape and Paramteric Optimization, a New Disruptive Way to Design Hall Effect Thrusters",2025,"IEPC 2025 (39th International Electric Propulsion Conference), London",,,,,https://www.electricrocket.org/IEPC_2025/London/submission_734.pdf,University of Toulouse,France
Simone Scaranzin,Characterisation of a 20 kW Dual Channel HT with Different Propellants (Xe/Kr/Ar),2025,"IEPC 2025 (39th International Electric Propulsion Conference), London",,,,,https://www.electricrocket.org/IEPC_2025/London/submission_735.pdf,AEROSPAZIO Tecnologie Srl,Italy
Ivan Savytskyy,Preliminary Design of an Electrospray Propulsion System for a Nanosatellite Arctic Monitoring Mission,2024,"38th International Electric Propulsion Conference, Toulouse, France",,,,,https://electricrocket.org/IEPC_2024/102.pdf,Royal Military College of Canada,Canada
D. M. Di Cara,European Space Agency Activities on Electric Propulsion,2024,"38th International Electric Propulsion Conference, Toulouse, France",,,,,https://electricrocket.org/IEPC_2024/104.pdf,European Space Agency,The Netherlands
James Saletes,Implementation of Direct Battery Driven Discharge in Triggerless Operation of Vacuum Arc Thrusters,2024,"38th International Electric Propulsion Conference, Toulouse, France",,,,,https://electricrocket.org/IEPC_2024/105.pdf,University of Southampton,United Kingdom
Maximilian Maigler,On the Influence of Measurement Setups on Gridded Ion Thruster Plume Potentials,2024,"38th International Electric Propulsion Conference, Toulouse, France",,,,,https://electricrocket.org/IEPC_2024/1062.pdf,Bundeswehr University,Germany
Alexander Spethmann,Investigation of a Microwave Plasma for a Novel Ion Beam Thruster,2024,"38th International Electric Propulsion Conference, Toulouse, France",,,,,https://electricrocket.org/IEPC_2024/108.pdf,University of Kiel,Germany
Johanna Fries,Development of a Digital Quartz Crystal Microbalance to study Micro-Droplets of a Liquid Metal Ion Source,2024,"38th International Electric Propulsion Conference, Toulouse, France",,,,,https://electricrocket.org/IEPC_2024/109.pdf,FOTEC Forschungs-und Technologietransfer GmbH,Austria
Olexandr Petrenko,Investigation of discharge current oscillations in Hall thrusters and methods for their elimination,2024,"38th International Electric Propulsion Conference, Toulouse, France",,,,,https://electricrocket.org/IEPC_2024/110.pdf,Oles Honchar Dnipro National University,Ukraine
John Brophy,Ion Beam Deflection (IBD) Demonstration Mission Concept Study,2024,"38th International Electric Propulsion Conference, Toulouse, France",,,,,https://electricrocket.org/IEPC_2024/111.pdf,Jet Propulsion Laboratory,United States of America
Yung-An Chan,Development and Characterization of the ALFVEN Thruster,2024,"38th International Electric Propulsion Conference, Toulouse, France",,,,,https://electricrocket.org/IEPC_2024/112.pdf,German Aerospace Center,Germany
Yethinder Ragav,An Iterative Tracer Particle Approach for Steady-State Simulation of Electrospray Thruster Plumes,2024,"38th International Electric Propulsion Conference, Toulouse, France",,,,,https://electricrocket.org/IEPC_2024/114.pdf,University of Michigan,United States of America
Velin Yordanov,Testing of new PETRUS prototypes and verification of PPT Numerical Design Model,2024,"38th International Electric Propulsion Conference, Toulouse, France",,,,,https://electricrocket.org/IEPC_2024/115.pdf,Stuttgart University,Germany
John T. Yim,Extraction of thruster plume ion population trends from retarding potential analyzer data,2024,"38th International Electric Propulsion Conference, Toulouse, France",,,,,https://electricrocket.org/IEPC_2024/116.pdf,NASA Glenn Research Center,United States of America
Willy Stark,"Development of a Hall-Effect Thruster with integrated Thrust Vector Control, Concept and Test Results",2024,"38th International Electric Propulsion Conference, Toulouse, France",,,,,https://electricrocket.org/IEPC_2024/119.pdf,Technische Universität Dresden,Germany
Long Miao,Analysis of CEX process and grid erosion characteristics of ion optical system,2024,"38th International Electric Propulsion Conference, Toulouse, France",,,,,https://electricrocket.org/IEPC_2024/1207.pdf,Beijing Institute of Technology,China
Alfio E. Vinci,Modeling and experimental results of low-power iodine-fed Hall thruster propulsion system,2024,"38th International Electric Propulsion Conference, Toulouse, France",,,,,https://electricrocket.org/IEPC_2024/121.pdf,ThrustMe,France
David Y Oh,Launch and Initial Checkout of the Psyche Spacecraft for NASA’s Discovery Program,2024,"38th International Electric Propulsion Conference, Toulouse, France",,,,,https://electricrocket.org/IEPC_2024/126.pdf,Jet Propulsion Laboratory,United States of America
Victor Teissedre,Vacuum Arc Thruster and Multi-Directional Measurement System with Faraday Cup,2024,"38th International Electric Propulsion Conference, Toulouse, France",,,,,https://electricrocket.org/IEPC_2024/1291.pdf,Air Liquide advanced Technologies,France
W. van Lynden,Self-consistent Coupling of Fluid and PIC Codes,2024,"38th International Electric Propulsion Conference, Toulouse, France",,,,,https://electricrocket.org/IEPC_2024/130.pdf,University of Bologna,Italy
Christine M. Greve,Evaluating Hall Thruster Startup Transients using Dynamics-Based Embeddings,2024,"38th International Electric Propulsion Conference, Toulouse, France",,,,,https://electricrocket.org/IEPC_2024/133.pdf,Air Force Research Laboratory,United States of America
M. Magarotto,Metamaterials for Electric Propulsion,2024,"38th International Electric Propulsion Conference, Toulouse, France",,,,,https://electricrocket.org/IEPC_2024/134.pdf,Univeristy of Padova,Italy
Mansur Tisaev,Insights from diagnostics of the Air-breathing Microwave Plasma CAThode (AMPCAT),2024,"38th International Electric Propulsion Conference, Toulouse, France",,,,,https://electricrocket.org/IEPC_2024/135.pdf,University of Surrey,United Kingdom
Lubos Brieda,Experimental Characterization of SPT-100 Hall Effect Thruster Operating in a Pulsed Mode,2024,"38th International Electric Propulsion Conference, Toulouse, France",,,,,https://electricrocket.org/IEPC_2024/137.pdf,Particle in Cell Consulting LLC,United States of America
Kazunori Takahashi,Cross-field electron transport in a magnetic nozzle,2024,"38th International Electric Propulsion Conference, Toulouse, France",,,,,https://electricrocket.org/IEPC_2024/139.pdf,Tohoku University,Japan
Kazunori Takahashi,5-kW class helicon plasma thruster performance,2024,"38th International Electric Propulsion Conference, Toulouse, France",,,,,https://electricrocket.org/IEPC_2024/140.pdf,Tohoku University,Japan
Ren Ziying,Discussion on On-orbit Measurement of Total Impulse for Hall Propulsion Systems,2024,"38th International Electric Propulsion Conference, Toulouse, France",,,,,https://electricrocket.org/IEPC_2024/141.pdf,Harbin Institute of Technology,China
Francisco Jose Blazquez-Plaza,Experimental Validation of Electrospray Thrusters Current Balancing for Spacecraft Charging Mitigation,2024,"38th International Electric Propulsion Conference, Toulouse, France",,,,,https://electricrocket.org/IEPC_2024/142.pdf,IENAI Space S.L.,Spain
A. Parks,In-Situ Lunar Propellants for Hall Effect Thrusters,2024,"38th International Electric Propulsion Conference, Toulouse, France",,,,,https://electricrocket.org/IEPC_2024/143.pdf,University of Southampton,United Kingdom
L. Peiffer,Liquid metal ion source based on magnetic suspensions for field emission electric propulsion (FEEP),2024,"38th International Electric Propulsion Conference, Toulouse, France",,,,,https://electricrocket.org/IEPC_2024/144.pdf,Technische Universität Dresden,Germany
L. Peiffer,Novel Compact Mass Balance for Simultaneous Thrust and Mass Efficiency Measurements for FEEP Thrusters,2024,"38th International Electric Propulsion Conference, Toulouse, France",,,,,https://electricrocket.org/IEPC_2024/145.pdf,Technische Universität Dresden,Germany
Jason A. Young,A Standardized Set of Requirements for Drop-In Electric Propulsion Testing,2024,"38th International Electric Propulsion Conference, Toulouse, France",,,,,https://electricrocket.org/IEPC_2024/146.pdf,The Aerospace Corporation,United States of America
Yugo Nakahama,Evaluation of a magnetic nozzle radiofrequency plasma thruster with cusp magnetic field using permanent magnet array,2024,"38th International Electric Propulsion Conference, Toulouse, France",,,,,https://electricrocket.org/IEPC_2024/149.pdf,Tohoku University,Japan
Albert Countryman,Sustained Ignition of an Undergraduate Hall Effect Thruster,2024,"38th International Electric Propulsion Conference, Toulouse, France",,,,,https://electricrocket.org/IEPC_2024/150.pdf,Brandeis University,United States of America
Georg Hentsch,Development of High-Current Compact Radial Field Emission Cathodes for Space Applications,2024,"38th International Electric Propulsion Conference, Toulouse, France",,,,,https://electricrocket.org/IEPC_2024/152.pdf,Technische Universitat Dresden,Germany
Euan Donovan-Hill,Direct Optical Visualisation of Ionic Liquid Ion Source Taylor Cones,2024,"38th International Electric Propulsion Conference, Toulouse, France",,,,,https://electricrocket.org/IEPC_2024/153.pdf,University of Southampton,United Kingdom
Clara E. Schafer,Comparative Study of Electron Temperature and Ion Energy in Two Different Magnetic Nozzle Thruster Designs,2024,"38th International Electric Propulsion Conference, Toulouse, France",,,,,https://electricrocket.org/IEPC_2024/154.pdf,German Aerospace Center,Germany
Yiming Sun,Development and characterization of indium field emission electric propulsion thruster with a porous tungsten tip,2024,"38th International Electric Propulsion Conference, Toulouse, France",,,,,https://electricrocket.org/IEPC_2024/156.pdf,Shanghai Jiao Tong University,China
Oliver Hitchens,Development of a Novel Electron Cyclotron Resonance Magnetic Nozzle Thruster with Magnetically Thickened Resonance Region,2024,"38th International Electric Propulsion Conference, Toulouse, France",,,,,https://electricrocket.org/IEPC_2024/157.pdf,University of Surrey,United Kingdom
Jennifer Maxwell,Achieving Mission Success: A Comprehensive Look at the Verification and Validation Approach for the Psyche Spacecraft for NASA’s Discovery Program,2024,"38th International Electric Propulsion Conference, Toulouse, France",,,,,https://electricrocket.org/IEPC_2024/158.pdf,Jet Propulsion Laboratory,United States of America
Eric Trehet,Airbus DS Space Electronics Power Processing Units new developments and technologies status,2024,"38th International Electric Propulsion Conference, Toulouse, France",,,,,https://electricrocket.org/IEPC_2024/159.pdf,Airbus DS Space Electronics,France
Kevin Neff,A Flexible Approach for Electric Propulsion Pressure Regulation,2024,"38th International Electric Propulsion Conference, Toulouse, France",,,,,https://electricrocket.org/IEPC_2024/160.pdf,Moog Space & Defense,United States of America
John Steven Snyder,Initial Checkout of the Psyche Electric Propulsion System after Launch,2024,"38th International Electric Propulsion Conference, Toulouse, France",,,,,https://electricrocket.org/IEPC_2024/161.pdf,Jet Propulsion Laboratory,United States of America
Olivia Kukar,Design and Characterization of an Adamantane Thruster for Cubesat Applications,2024,"38th International Electric Propulsion Conference, Toulouse, France",,,,,https://electricrocket.org/IEPC_2024/163.pdf,University of Southern California,United States of America
Senior Shimhanda,"Static Radial Magnetic Field Effect on Plasma 
Characteristics in an Inductive RF Plasma Thruster with a Time-Varying Magnetic Field",2024,"38th International Electric Propulsion Conference, Toulouse, France",,,,,https://electricrocket.org/IEPC_2024/166.pdf,The University of Tokyo,Japan
Ford Gooch,A Simplified Numerical Procedure for the Characterization of an Ionic Liquid Meniscus with Evaporation,2024,"38th International Electric Propulsion Conference, Toulouse, France",,,,,https://electricrocket.org/IEPC_2024/167.pdf,University of Auckland,New Zealand
Hanwen Deng,Molecular Dynamics Studies of Alternating Polarity Emission Mode for Ionic Liquid Electrospray Thruster,2024,"38th International Electric Propulsion Conference, Toulouse, France",,,,,https://electricrocket.org/IEPC_2024/168.pdf,Shanghai Jiao Tong University,China
Claude Blue,STARGATE: An Undergraduate Experimental Electric Propulsion Student Research Project,2024,"38th International Electric Propulsion Conference, Toulouse, France",,,,,https://electricrocket.org/IEPC_2024/169.pdf,University of Alabama in Huntsville,United States of America
Claude Blue,STARGATE: An Undergraduate Experimental Electric Propulsion Student Research Project,2024,"38th International Electric Propulsion Conference, Toulouse, France",,,,,https://electricrocket.org/IEPC_2024/170.pdf,University of Alabama in Huntsville,United States of America
Christoph Peter,Development of a Ferromagnetic Enhanced Ambipolar Plasma Thruster,2024,"38th International Electric Propulsion Conference, Toulouse, France",,,,,https://electricrocket.org/IEPC_2024/171.pdf,Technische Universitat Dresden,Germany
Guangchuan Zhang,A practical development of a low-power Hall thruster and its application in a low-orbit satellite constellation,2024,"38th International Electric Propulsion Conference, Toulouse, France",,,,,https://electricrocket.org/IEPC_2024/173.pdf,Beihang University,China
Florian Prochnow,"Current Progress of a Novel Passively Ionizing
Air-Breathing Electric Propulsion Concept for Low Earth Orbits",2024,"38th International Electric Propulsion Conference, Toulouse, France",,,,,https://electricrocket.org/IEPC_2024/174.pdf,TU Dresden,Germany
Yi Li,Effects of the relative position between the internal cathode and the magnetic separatrix on the Hall thruster excited by permanent magnet,2024,"38th International Electric Propulsion Conference, Toulouse, France",,,,,https://electricrocket.org/IEPC_2024/176.pdf,Harbin Institute of Technology,China
Edwin Beller,Determination of thruster impedances in radio-frequency ion thrusters,2024,"38th International Electric Propulsion Conference, Toulouse, France",,,,,https://electricrocket.org/IEPC_2024/177.pdf,University of Applied Sciences,Germany
Ethan Dale,Cathode Coupling in a Low Power Hall Thruster Cluster,2024,"38th International Electric Propulsion Conference, Toulouse, France",,,,,https://electricrocket.org/IEPC_2024/179.pdf,The Aerospace Corporation,United States of America
Huy Tran,Reduced Fidelity Model for Sputtering for Use in Hall Thruster Codes: Sputtering Threshold Energy,2024,"38th International Electric Propulsion Conference, Toulouse, France",,,,,https://electricrocket.org/IEPC_2024/180.pdf,University of Illinois at Urbana Champaign,United States of America
Jeffrey S. Asher,Test and Evaluation of ENPULSION IFM NANO Performance and Emission Properties,2024,"38th International Electric Propulsion Conference, Toulouse, France",,,,,https://electricrocket.org/IEPC_2024/182.pdf,The Aerospace Corporation,United States of America
Benjamin P.P. Mallett,Directly measuring thrust from a superconducting applied field magnetoplasmadynamic thruster,2024,"38th International Electric Propulsion Conference, Toulouse, France",,,,,https://electricrocket.org/IEPC_2024/185.pdf,Victoria University of Wellington,New Zealand
Gyuha Lim,Kinetic Simulation of Carbon Sputtering by a Gridded Ion Thruster with a Molecular Dynamics Based Model,2024,"38th International Electric Propulsion Conference, Toulouse, France",,,,,https://electricrocket.org/IEPC_2024/186.pdf,"University of Illinois, Urbana-Champaign",United States of America
Graeme Sabiston,Electric Propulsion Vacuum Chamber Design Approaches for Reducing Sputtering Effects,2024,"38th International Electric Propulsion Conference, Toulouse, France",,,,,https://electricrocket.org/IEPC_2024/187.pdf,"University of California, Los Angeles",United States of America
Dongho Lee,Ion Beam Diagnostics at a 5-kW Hall Thruster on Kr-Ar Mixture,2024,"38th International Electric Propulsion Conference, Toulouse, France",,,,,https://electricrocket.org/IEPC_2024/188.pdf,Georgia Institute of Technology,United States of America
Chen Cui,Comparisons of Grid-based Vlasov and Particle-in-Cell Method on Electric Propulsion Beam Modeling,2024,"38th International Electric Propulsion Conference, Toulouse, France",,,,,https://electricrocket.org/IEPC_2024/189.pdf,University of Southern California,United States of America
Chen Cui,Collisionless Electron Heat Flux and Thermodynamics Model in Electric Propulsion Beam Modeling: Grid-based Vlasov Simulations,2024,"38th International Electric Propulsion Conference, Toulouse, France",,,,,https://electricrocket.org/IEPC_2024/190.pdf,University of Southern California,United States of America
Chen Cui,Effects of Initial Non-Maxwellian Electron Velocity Distribution on Electric Propulsion Beam Expansion,2024,"38th International Electric Propulsion Conference, Toulouse, France",,,,,https://electricrocket.org/IEPC_2024/191.pdf,University of Southern California,United States of America
Ming Zeng,Coaxial Resonator-driven Magnetic Nozzle Thruster,2024,"38th International Electric Propulsion Conference, Toulouse, France",,,,,https://electricrocket.org/IEPC_2024/192.pdf,Harbin Institute of Technology,China
Xiang Niu,Design and experimental validation of the feedback control system for microwave discharge ion thruster faced with space gravitational wave detection,2024,"38th International Electric Propulsion Conference, Toulouse, France",,,,,https://electricrocket.org/IEPC_2024/193.pdf,Harbin Institute of Technology,China
Lukas Pietzonka,Xenon neutral gas characterization in a radiofrequency-driven gridded ion source using laser-induced fluorescence spectroscopy,2024,"38th International Electric Propulsion Conference, Toulouse, France",,,,,https://electricrocket.org/IEPC_2024/194.pdf,Leibniz Institute of Surface Engineering,Germany
Kenneth G. Unfried,Electric Propulsion Propellant Considerations: Can We Still Use Xenon and Krypton?,2024,"38th International Electric Propulsion Conference, Toulouse, France",,,,,https://electricrocket.org/IEPC_2024/195.pdf,EFC Gases and Advanced Materials,United States of America
Thomas V. Kerber,High-Resolution Mass Spectra of a Single-Emitter Passively_x0002_Fed Ionic Liquid Ion Source,2024,"38th International Electric Propulsion Conference, Toulouse, France",,,,,https://electricrocket.org/IEPC_2024/197.pdf,Western Michigan University,United States of America
Armond Asadurian,Design and Development of Model-S Thruster Gimbal Assembly with Integrated Launch Lock,2024,"38th International Electric Propulsion Conference, Toulouse, France",,,,,https://electricrocket.org/IEPC_2024/198.pdf,Moog Chatworth Operations,United States of America
C. Chhavi,3-Dimensional Characterization of Ion Beam Current using a Hemispherical Sweep Apparatus,2024,"38th International Electric Propulsion Conference, Toulouse, France",,,,,https://electricrocket.org/IEPC_2024/199.pdf,Georgia Institute of Technology,United States of America
Mitchell C. Paul,Development of a Two-photon Absorption Laser-induced Fluorescence Diagnostic for the Characterization of Neutral Species in Alternative Propellants,2024,"38th International Electric Propulsion Conference, Toulouse, France",,,,,https://electricrocket.org/IEPC_2024/201.pdf,U.S. Naval Research Laboratory,United States of America
Dan M. Goebel,Cathode-plume Instabilities Onset and Detection in Hollow Cathodes for Electric Thrusters,2024,"38th International Electric Propulsion Conference, Toulouse, France",,,,,https://electricrocket.org/IEPC_2024/202.pdf,Jet Propulsion Laboratory,United States of America
C. Bouyssou,Simulating the electromagnetic behaviour of a vacuum chamber in the presence of a thruster’s plume: comparison with experimental measurements,2024,"38th International Electric Propulsion Conference, Toulouse, France",,,,,https://electricrocket.org/IEPC_2024/204.pdf,ISAE-SUPAERO,France
David Villegas-Prados,Emission characterization of externally wetted electrospray thrusters using computed tomography,2024,"38th International Electric Propulsion Conference, Toulouse, France",,,,,https://electricrocket.org/IEPC_2024/205.pdf,IENAI Space S.L.,Spain
Vernon H. Chaplin,Azimuthal Ion Velocity Measurements in the 12 kW HERMeS Hall Thruster,2024,"38th International Electric Propulsion Conference, Toulouse, France",,,,,https://electricrocket.org/IEPC_2024/207.pdf,Jet Propulsion Laboratory,United States of America
Luca Henrich,Adapting direct-current current transformers for contactless ion beam measurements of electric propulsion systems,2024,"38th International Electric Propulsion Conference, Toulouse, France",,,,,https://electricrocket.org/IEPC_2024/211.pdf,University of Applied Sciences,Germany
Kevin D. Sampson,"Design and Preliminary Progress of the Scalable, Nanofabricated, Advanced Ionic Liquid (SNAIL) Thruster",2024,"38th International Electric Propulsion Conference, Toulouse, France",,,,,https://electricrocket.org/IEPC_2024/212.pdf,University of Southern California,United States of America
Shlok Shrivastava,Development of a Multifluid-FDTD Coupling Model to Simulate a Double Layer at Plasma Thruster Exit,2024,"38th International Electric Propulsion Conference, Toulouse, France",,,,,https://electricrocket.org/IEPC_2024/213.pdf,Tohoku University,Japan
Yusuke Sawanishi,Design and Characterization of a High-Voltage Hall thruster,2024,"38th International Electric Propulsion Conference, Toulouse, France",,,,,https://electricrocket.org/IEPC_2024/214.pdf,SOKENDAI,Japan
Chenying Li,Oscillation phenomenon of keeper discharge of a LaB6 hollow cathode,2024,"38th International Electric Propulsion Conference, Toulouse, France",,,,,https://electricrocket.org/IEPC_2024/215.pdf,Harbin Institute of Technology,China
T. Trottenberg,On the Importance of the Grid Geometry in a Retarding Potential Analyzer,2024,"38th International Electric Propulsion Conference, Toulouse, France",,,,,https://electricrocket.org/IEPC_2024/216.pdf,University of Kiel,Germany
Jens Schmidt,Development and testing of a microwave-heated plasma thruster,2024,"38th International Electric Propulsion Conference, Toulouse, France",,,,,https://electricrocket.org/IEPC_2024/217.pdf,German Aerospace Center (DLR),Germany
M. Saumier,ESA Propulsion Laboratory (EPL),2024,"38th International Electric Propulsion Conference, Toulouse, France",,,,,https://electricrocket.org/IEPC_2024/218.pdf,European Space Agency,The Netherlands
John W. Brooks,Iterative Learning Control of the Hollow Cathode Plume Mode,2024,"38th International Electric Propulsion Conference, Toulouse, France",,,,,https://electricrocket.org/IEPC_2024/219.pdf,U.S. Naval Research Laboratory,United States of America
François Réot,Spectral dependencies of GHz electromagnetic emission from Hall thrusters inside a metallic vacuum chamber,2024,"38th International Electric Propulsion Conference, Toulouse, France",,,,,https://electricrocket.org/IEPC_2024/223.pdf,Laboratoire Plasma et Conversion d’Énergie (LAPLACE),France
Steven M. Arestie,Ionic Liquid Electrospray Beam Target Performance Characterization,2024,"38th International Electric Propulsion Conference, Toulouse, France",,,,,https://electricrocket.org/IEPC_2024/224.pdf,Jet Propulsion Laboratory,United States of America
Sarah H. Bairstow,Psyche Mission Transition to Operations,2024,"38th International Electric Propulsion Conference, Toulouse, France",,,,,https://electricrocket.org/IEPC_2024/225.pdf,Jet Propulsion Laboratory,United States of America
Curtis L. Promislow,Operation of a Compact Planar Inductive Pulsed Plasma Thruster at Kilohertz Pulse Rates,2024,"38th International Electric Propulsion Conference, Toulouse, France",,,,,https://electricrocket.org/IEPC_2024/226.pdf,University of Washington,United States of America
Curtis L. Promislow,Current Sheet Scaling in a Planar Inductive PulsedcPlasma Thruster,2024,"38th International Electric Propulsion Conference, Toulouse, France",,,,,https://electricrocket.org/IEPC_2024/227.pdf,University of Washington,United States of America
P. Moutet,Overview of a 2D thrust balance used for accurate measurements of vectorized electrical thrusters,2024,"38th International Electric Propulsion Conference, Toulouse, France",,,,,https://electricrocket.org/IEPC_2024/231.pdf,Dactem International,France
V. Mazieres,Characterization of the electromagnetic behavior of PIVOINE-2G vacuum chamber in the microwave regime,2024,"38th International Electric Propulsion Conference, Toulouse, France",,,,,https://electricrocket.org/IEPC_2024/232.pdf,Universite de Toulouse,France
J. Gonzalez,Study of the plasma plume structure of the Alternative Low-Power Hybrid Ion Engine (alphie): experiments and simulations,2024,"38th International Electric Propulsion Conference, Toulouse, France",,,,,https://electricrocket.org/IEPC_2024/233.pdf,ARCNL Advance Research Center for Nanolithography,The Netherlands
J. Gonzalez,Numerical study of a photocathode for electric propulsion systems based on plasma,2024,"38th International Electric Propulsion Conference, Toulouse, France",,,,,https://electricrocket.org/IEPC_2024/234.pdf,ARCNL Advance Research Center for Nanolithography,The Netherlands
Celia S. Chari,Evaluation of Graphite/h-BN Bimaterials for Electric Propulsion,2024,"38th International Electric Propulsion Conference, Toulouse, France",,,,,https://electricrocket.org/IEPC_2024/236.pdf,California Institute of Technology,United States of America
Ioannis G. Mikellides,First-principles Model of the Anomalous Momentum-transfer Collision Frequency in Hall Thrusters and its Validation,2024,"38th International Electric Propulsion Conference, Toulouse, France",,,,,https://electricrocket.org/IEPC_2024/237.pdf,Jet Propulsion Laboratory,United States of America
Denis B. Zolotukhin,Towards independent thrust and specific impulse control in a three-stage µCAT-MPD thruster,2024,"38th International Electric Propulsion Conference, Toulouse, France",,,,,https://electricrocket.org/IEPC_2024/239.pdf,The George Washington University,United States of America
Reece M. Krantz,Air-Breathing Electric Propulsion vs. Traditional Electric Propulsion: Earth Observation Mission Analysis,2024,"38th International Electric Propulsion Conference, Toulouse, France",,,,,https://electricrocket.org/IEPC_2024/244.pdf,Viridian Space Corporation,United States of America
Momoko Naemura,Measurement System Dependence of Time-of-Flight Mass Spectrometry and Neutral Detection for Electrospray Thrusters,2024,"38th International Electric Propulsion Conference, Toulouse, France",,,,,https://electricrocket.org/IEPC_2024/248.pdf,Yokohama National University,Japan
Yuiko Nakashima,Ion Emission Characteristics of Electrospray Thrusters with Grooved Emitters Fabricated using Grayscale Lithography,2024,"38th International Electric Propulsion Conference, Toulouse, France",,,,,https://electricrocket.org/IEPC_2024/249.pdf,Yokohama National University,Japan
Frank Scholze,IonJet-Evo: Development and qualification of a cost-efficient gridded ion thruster propulsion system for small satellites,2024,"38th International Electric Propulsion Conference, Toulouse, France",,,,,https://electricrocket.org/IEPC_2024/253.pdf,Leibniz Institute of Surface Engineering,Germany
Marcel P. Georgin,Theoretical Analysis of an Antisymmetric Double Langmuir Probe,2024,"38th International Electric Propulsion Conference, Toulouse, France",,,,,https://electricrocket.org/IEPC_2024/254.pdf,U.S. Naval Research Laboratory,United States of America
J. Zhou,The impact of stepwise ionization in a Xe fed electrodeless plasma thruster operation,2024,"38th International Electric Propulsion Conference, Toulouse, France",,,,,https://electricrocket.org/IEPC_2024/255.pdf,Universidad Carlos III de Madrid,Spain
Farbod Faraji,"Digital twins for Electric Propulsion: concept, game_x0002_changing potentials, and building blocks",2024,"38th International Electric Propulsion Conference, Toulouse, France",,,,,https://electricrocket.org/IEPC_2024/256.pdf,Imperial College London,United Kingdom
Jacob B. Simmonds,Thermal Management and Krypton Performance of the H10 High Power Density Hall Thruster,2024,"38th International Electric Propulsion Conference, Toulouse, France",,,,,https://electricrocket.org/IEPC_2024/257.pdf,Jet Propulsion Laboratory,United States of America
Patrick Crandall,Miniature RF Gridded Ion Thruster For Air-Breathing EP,2024,"38th International Electric Propulsion Conference, Toulouse, France",,,,,https://electricrocket.org/IEPC_2024/259.pdf,"University of California, Los Angeles",United States of America
Aika Koeda,Electron Transport in Hall Thruster using radial-axial 2D3V fully kinetic particle simulation,2024,"38th International Electric Propulsion Conference, Toulouse, France",,,,,https://electricrocket.org/IEPC_2024/260.pdf,Kyushu University,Japan
S. Tolok,Coupling Test Campaign of TETRA Propulsion Module,2024,"38th International Electric Propulsion Conference, Toulouse, France",,,,,https://electricrocket.org/IEPC_2024/263.pdf,Thales Alenia Space UK,United Kingdom
Alejandro Lopez Ortega,Erosion Mechanisms at the Outer Front Pole Cover of a Magnetically Shielded Hall Thruster,2024,"38th International Electric Propulsion Conference, Toulouse, France",,,,,https://electricrocket.org/IEPC_2024/264.pdf,Jet Propulsion Laboratory,United States of America
Nazli Turan,Investigation of Cation and Anion Emission Mechanisms from Porous Electrospray Thrusters using Ionic Liquid Mixtures,2024,"38th International Electric Propulsion Conference, Toulouse, France",,,,,https://electricrocket.org/IEPC_2024/265.pdf,University of Southampton,United Kingdom
Willca Villafana,Kinetic simulations of hollow cathode internal and plume plasmas,2024,"38th International Electric Propulsion Conference, Toulouse, France",,,,,https://electricrocket.org/IEPC_2024/266.pdf,Princeton Plasma Physics Laboratory,United States of America
A. Marianacci,Machine learning-based Hall Thruster scaling laws,2024,"38th International Electric Propulsion Conference, Toulouse, France",,,,,https://electricrocket.org/IEPC_2024/267.pdf,ICARE-CNRS,France
Feng Tian,One-dimensional fluid model of hollow cathode discharge instability,2024,"38th International Electric Propulsion Conference, Toulouse, France",,,,,https://electricrocket.org/IEPC_2024/271.pdf,Beijing Institute of Technology,China
Fynn Kunze,Performance characterisation of additive micro fabricated electrospray emitters with an integrated extraction electrode,2024,"38th International Electric Propulsion Conference, Toulouse, France",,,,,https://electricrocket.org/IEPC_2024/274.pdf,Justus Liebig University Giessen,Germany
Philip Peters,Modeling Plasma Heating in Inductively Coupled Plasmas: A Fokker-Planck Approach,2024,"38th International Electric Propulsion Conference, Toulouse, France",,,,,https://electricrocket.org/IEPC_2024/276.pdf,University of Applied Sciences,Germany
Griffin Jones,Micromilled Porous Emitter Studies for Electrospray Propulsion,2024,"38th International Electric Propulsion Conference, Toulouse, France",,,,,https://electricrocket.org/IEPC_2024/277.pdf,Royal Military College of Canada,Canada
Jingjing Li,Discussion on a dynamic evolution model of breathing oscillation,2024,"38th International Electric Propulsion Conference, Toulouse, France",,,,,https://electricrocket.org/IEPC_2024/278.pdf,Harbin Institute of Technology,China
David Krejci,Flight heritage of Indium-based FEEP propulsion systems across different applications and orbits: In space cleaning of extractor electrode,2024,"38th International Electric Propulsion Conference, Toulouse, France",,,,,https://electricrocket.org/IEPC_2024/279.pdf,ENPULSION,Austria
Jana Zorn,Measurement of the beam composition of a RIT-10 for ABEP systems,2024,"38th International Electric Propulsion Conference, Toulouse, France",,,,,https://electricrocket.org/IEPC_2024/280.pdf,Justus Liebig University,Germany
Vincent Delbosq,Modulation of the cathode potential of a 100 W-class Hall thruster,2024,"38th International Electric Propulsion Conference, Toulouse, France",,,,,https://electricrocket.org/IEPC_2024/282.pdf,CNRS,France
Cheng Yang,Experimental Study on Ionic Liquid Electrospray Thruster with Circular-emitter,2024,"38th International Electric Propulsion Conference, Toulouse, France",,,,,https://electricrocket.org/IEPC_2024/285.pdf,Sun Yat-sen University,China
Roman Forster,Development of a space-approved vacuum arc thruster,2024,"38th International Electric Propulsion Conference, Toulouse, France",,,,,https://electricrocket.org/IEPC_2024/286.pdf,University of the Bundeswehr Munich,Germany
Alfio E. Vinci,Inference of iodine ion thruster performance envelope at system-level using neural networks,2024,"38th International Electric Propulsion Conference, Toulouse, France",,,,,https://electricrocket.org/IEPC_2024/287.pdf,ThrustMe,France
Pavel Smirnov,Advanced Diagnostic Facility for Low-Density Plasma Characterization,2024,"38th International Electric Propulsion Conference, Toulouse, France",,,,,https://electricrocket.org/IEPC_2024/288.pdf,Universität der Bundeswehr München,Germany
V. Pessina,Numerical Framework for the Development of Atmosphere-Breathing Electric Propulsion for Earth and Mars Atmosphere,2024,"38th International Electric Propulsion Conference, Toulouse, France",,,,,https://electricrocket.org/IEPC_2024/289.pdf,Bundeswehr University Munich,Germany
Q. Delavière--Delion,Impact of axial instabilities on ion energy distribution function in Hall thruster: time-resolved RPA measurements,2024,"38th International Electric Propulsion Conference, Toulouse, France",,,,,https://electricrocket.org/IEPC_2024/290.pdf,Université de Toulouse,France
E. Michaux,High-speed imaging of cathode spots in a Vacuum Arc Thruster,2024,"38th International Electric Propulsion Conference, Toulouse, France",,,,,https://electricrocket.org/IEPC_2024/291.pdf,Réactivité et Environnement (ICARE) - CNRS,France
George-Cristian Potrivitu,Hydrocat: A Hydrogen–fed 5 A–class LaB6 Hollow Cathode for Water Electrolysis Hall Effect Thrusters,2024,"38th International Electric Propulsion Conference, Toulouse, France",,,,,https://electricrocket.org/IEPC_2024/293.pdf,Aliena Pte. Ltd,Singapore
Ao Han,Development of the miniature ion thruster with glow discharge hollow cathode operation,2024,"38th International Electric Propulsion Conference, Toulouse, France",,,,,https://electricrocket.org/IEPC_2024/294.pdf,Harbin Institute of Technology,China
Francesco M. Bianchi,A global model of an iodine-fed Hall thruster,2024,"38th International Electric Propulsion Conference, Toulouse, France",,,,,https://electricrocket.org/IEPC_2024/295.pdf,ThrustMe,France
Fuga Matsuo,Evaluation of TAL-type Hall Thruster Using Water Propellant,2024,"38th International Electric Propulsion Conference, Toulouse, France",,,,,https://electricrocket.org/IEPC_2024/296.pdf,Tokyo Metropolitan University,Japan
William P. Brabston,Analysis of the Ionization and Acceleration Efficiencies of Molecular Nitrogen in a Hall Effect Thruster,2024,"38th International Electric Propulsion Conference, Toulouse, France",,,,,https://electricrocket.org/IEPC_2024/297.pdf,Georgia Institute of Technology,United States of America
Rohit Shastry,12-kW Advanced Electric Propulsion System Hall Current Thruster Qualification and Production Status,2024,"38th International Electric Propulsion Conference, Toulouse, France",,,,,https://electricrocket.org/IEPC_2024/298.pdf,NASA Glenn Research Center,United States of America
Kiyoshi Kinefuchi,Experimental Investigation of Ion Magnetization in a Plasma Thruster with 1 T-Level Superconducting Applied Field,2024,"38th International Electric Propulsion Conference, Toulouse, France",,,,,https://electricrocket.org/IEPC_2024/299.pdf,Nagoya University,Japan
Nicolas M. Bauer,"Coupled plasma, thermal and structural-mechanical model of a flat disc C12A7:2e_x0002_emitter cathode",2024,"38th International Electric Propulsion Conference, Toulouse, France",,,,,https://electricrocket.org/IEPC_2024/300.pdf,Justus Liebig University Giessen,Germany
William P. Brabston,Design and Testing of a Multimode and In-Situ Propellant Feed System,2024,"38th International Electric Propulsion Conference, Toulouse, France",,,,,https://electricrocket.org/IEPC_2024/302.pdf,Georgia Institute of Technology,United States of America
Haochen Ma,Mode Transitions in Hall Effect Thrusters under Pulsating Operation,2024,"38th International Electric Propulsion Conference, Toulouse, France",,,,,https://electricrocket.org/IEPC_2024/304.pdf,Harbin Institute of Technology,China
Albert Countryman,"Testing and Evaluation of a Novel Helical, Additively Manufactured Diffuser",2024,"38th International Electric Propulsion Conference, Toulouse, France",,,,,https://electricrocket.org/IEPC_2024/305.pdf,Olin College of Engineering,United States of America
Federico Petronio,Theoretical and numerical modeling of the breathing mode in Hall thrusters,2024,"38th International Electric Propulsion Conference, Toulouse, France",,,,,https://electricrocket.org/IEPC_2024/306.pdf,Institut Polytechnique de Paris,France
Ryota Nakano,Thrust Performance Improvement of Electrostatic–magnetic Hybrid Acceleration using a Stagnant Ring,2024,"38th International Electric Propulsion Conference, Toulouse, France",,,,,https://electricrocket.org/IEPC_2024/307.pdf,Nagoya University,Japan
K. Keil,"Multi-diagnostics system in the Jumbo space simulation test facility in Giessen, Germany",2024,"38th International Electric Propulsion Conference, Toulouse, France",,,,,https://electricrocket.org/IEPC_2024/308.pdf,Justus Liebig University,Germany
Fabrizio Ponti,Advancing Iodine Thruster Technology: Insights and Objectives of Project BOOST,2024,"38th International Electric Propulsion Conference, Toulouse, France",,,,,https://electricrocket.org/IEPC_2024/310.pdf,University of Bologna,Italy
J. Zhou,Analysis of the facility effects on the plume expansion of a low power Hall effect thruster,2024,"38th International Electric Propulsion Conference, Toulouse, France",,,,,https://electricrocket.org/IEPC_2024/313.pdf,Universidad Carlos III de Madrid,Spain
JM. Tejeda,First End-to-End Technological Demonstration of a Water Electrolysis Hall Effect Thruster Operating with a Water Electrolyser,2024,"38th International Electric Propulsion Conference, Toulouse, France",,,,,https://electricrocket.org/IEPC_2024/313.pdf,Imperial College London,United Kingdom
Davide Maddaloni,Experimental characterization of oscillations in the Magnetic Nozzle of an Electron Cyclotron Resonance Thruster,2024,"38th International Electric Propulsion Conference, Toulouse, France",,,,,https://electricrocket.org/IEPC_2024/315.pdf,Universidad Carlos III de Madrid,Spain
Felix Kiefer,Radiated electromagnetic emissions of electric thrusters,2024,"38th International Electric Propulsion Conference, Toulouse, France",,,,,https://electricrocket.org/IEPC_2024/316.pdf,Justus Liebig University,Germany
Qi Liu,Numerical Investigation into Mechanisms for the Influence of Magnetic Field Parameters on the Performance of a Magnetically Shielded Hall Thruster,2024,"38th International Electric Propulsion Conference, Toulouse, France",,,,,https://electricrocket.org/IEPC_2024/317.pdf,Beijing Institute of Control Engineering,China
Lubos Brieda,EP Plume Simulations using CAD Geometries,2024,"38th International Electric Propulsion Conference, Toulouse, France",,,,,https://electricrocket.org/IEPC_2024/320.pdf,Particle in Cell Consulting LLC,United States of America
Antonella Caldarelli,Dependence of Input Power on Plasma Expansion in a Magnetic Nozzle RF Thruster,2024,"38th International Electric Propulsion Conference, Toulouse, France",,,,,https://electricrocket.org/IEPC_2024/322.pdf,The University of Auckland,New Zealand
Keita Nishii,Numerical Study of Facility Effects on Gridded Ion Thrusters through a Multi-GPU PIC-DSMC Solver,2024,"38th International Electric Propulsion Conference, Toulouse, France",,,,,https://electricrocket.org/IEPC_2024/323.pdf,Tokyo Metropolitan University,Japan
Siyuan Ren,A whole-region 0-dimensional model for Thermionic Hollow Cathode,2024,"38th International Electric Propulsion Conference, Toulouse, France",,,,,https://electricrocket.org/IEPC_2024/324.pdf,Beihang University,China
Kyra Bekaan,Qualification Results of the High-Pressure Flow Control Unit for Electric Propulsion Systems using Krypton and Xenon,2024,"38th International Electric Propulsion Conference, Toulouse, France",,,,,https://electricrocket.org/IEPC_2024/326.pdf,AST Advanced Space Technologies GmbH,Germany
D. Poli,Comparison of two fluid codes for modelling 2D instabilities in ExB plasmas,2024,"38th International Electric Propulsion Conference, Toulouse, France",,,,,https://electricrocket.org/IEPC_2024/328.pdf,Universidad Carlos III de Madrid,Spain
Simone Dalle Fabbriche,Analysis of the plasma discharge in a radio-frequency ion thruster chamber,2024,"38th International Electric Propulsion Conference, Toulouse, France",,,,,https://electricrocket.org/IEPC_2024/329.pdf,Universidad Carlos III de Madrid,Spain
Ulysse Weller,Overview of the electric propulsion technology maturation activities supported and led by the French Space Agency - CNES,2024,"38th International Electric Propulsion Conference, Toulouse, France",,,,,https://electricrocket.org/IEPC_2024/330.pdf,French Space Agency - CNES,France
Corey R. Rhodes,Sub-kW Class Hall-Effect Thruster Power Processing Unit for Wide Output Range Applications,2024,"38th International Electric Propulsion Conference, Toulouse, France",,,,,https://electricrocket.org/IEPC_2024/331.pdf,NASA Glenn Research Center,United States of America
Wei Sun,Life Test of an Electrowetting Ionic Liquid Electrospray Thruster Prototype,2024,"38th International Electric Propulsion Conference, Toulouse, France",,,,,https://electricrocket.org/IEPC_2024/333.pdf,Beijing Institute of Technology,China
Jiayun Qi,Ignition characteristics of a dual-anode vacuum arc thruster with magnetic nozzle,2024,"38th International Electric Propulsion Conference, Toulouse, France",,,,,https://electricrocket.org/IEPC_2024/334.pdf,Beihang University,China
Maciej Jakubczak,Plasma plume composition of a pulsed plasma thruster fed with perfluoropolyether,2024,"38th International Electric Propulsion Conference, Toulouse, France",,,,,https://electricrocket.org/IEPC_2024/336.pdf,Institute of Plasma Physics and Laser Microfusion,Poland
Dmytro Rafalskyi,RF Plasma Flow Generator for LEO Environment Simulation: Use Cases,2024,"38th International Electric Propulsion Conference, Toulouse, France",,,,,https://electricrocket.org/IEPC_2024/337.pdf,ThrustMe,France
Mohamed Ahmed,Plume characterisation of a low power external discharge plasma thruster,2024,"38th International Electric Propulsion Conference, Toulouse, France",,,,,https://electricrocket.org/IEPC_2024/342.pdf,University of Surrey,United Kingdom
Ryosuke Tanno,Radio Frequency Cathode for Hall Thruster Using Water Propellant,2024,"38th International Electric Propulsion Conference, Toulouse, France",,,,,https://electricrocket.org/IEPC_2024/343.pdf,Tokyo Metropolitan University,Japan
Szymon Dworski,Analysis of Plumes Produced by Novel Ionic Liquids in Electrospray Thrusters,2024,"38th International Electric Propulsion Conference, Toulouse, France",,,,,https://electricrocket.org/IEPC_2024/346.pdf,University of Southampton,United Kingdom
E. Gourcerol,Development and experimental characterisation of a 2-axis thrust stand for the study of thrust vectoring,2024,"38th International Electric Propulsion Conference, Toulouse, France",,,,,https://electricrocket.org/IEPC_2024/347.pdf,Universite Paris-Saclay,France
Felix Becker,Determining the spatial distribution of plasma parameters across the grid of a radio-frequency ion thruster (RIT) by optical emission spectroscopy,2024,"38th International Electric Propulsion Conference, Toulouse, France",,,,,https://electricrocket.org/IEPC_2024/348.pdf,Justus Liebig University Giessen,Germany
Pablo Lopez,Airbus Defence and Space Electric Propulsion Fluidic Chains Transformation Achievements and Needs,2024,"38th International Electric Propulsion Conference, Toulouse, France",,,,,https://electricrocket.org/IEPC_2024/349.pdf,Airbus Defence and Space,France
Szymon Dworski,Performance of a 50 W Porous Electrospray Thruster in Preparation for Flight,2024,"38th International Electric Propulsion Conference, Toulouse, France",,,,,https://electricrocket.org/IEPC_2024/350.pdf,University of Southampton,United Kingdom
A. Gomez,A statistical analysis for time-dependent impulse measurements of a plasma thruster,2024,"38th International Electric Propulsion Conference, Toulouse, France",,,,,https://electricrocket.org/IEPC_2024/351.pdf,Universidad Politecnica de Madrid,Spain
Eugenio Ferrato,Orbit Control of a VLEO Nanosatellite equipped with Air-breathing Electric Propulsion,2024,"38th International Electric Propulsion Conference, Toulouse, France",,,,,https://electricrocket.org/IEPC_2024/352.pdf,Sant’Anna School of Advanced Studies,Italy
Vittorio Giannetti,Analysis of Air-breathing Electric Propulsion: Toward the Development of CubeSat-scale Systems,2024,"38th International Electric Propulsion Conference, Toulouse, France",,,,,https://electricrocket.org/IEPC_2024/353.pdf,Sant’Anna School of Advanced Studies,Italy
Charity Wangari,Propellant Transport in Electroactive Polymer-Electrospray Thrusters,2024,"38th International Electric Propulsion Conference, Toulouse, France",,,,,https://electricrocket.org/IEPC_2024/356.pdf,Massachusetts Institute of Technology,United States of America
R. I. Sandoval Rodriguez,Non-invasive characterization of low-pressure inductively coupled plasmas as found in gridded ion thrusters by THz time-domain spectroscopy,2024,"38th International Electric Propulsion Conference, Toulouse, France",,,,,https://electricrocket.org/IEPC_2024/357.pdf,Justus Liebig University,Germany
D. Ramırez,Design and performance of an electromagnetic plasma thruster for microsatellites,2024,"38th International Electric Propulsion Conference, Toulouse, France",,,,,https://electricrocket.org/IEPC_2024/359.pdf,Universidad Politecnica de Madrid,Spain
Muhannad Eladl,Characterizing Bounded Plasmas using THz Time Domain Spectroscopy,2024,"38th International Electric Propulsion Conference, Toulouse, France",,,,,https://electricrocket.org/IEPC_2024/360.pdf,Georgia Institute of Technology,United States of America
Naoji Yamamoto,Temporally-Resolved Plasma Property Measurements in Hall Thrusters by Thomson Scattering Diagnostic System,2024,"38th International Electric Propulsion Conference, Toulouse, France",,,,,https://electricrocket.org/IEPC_2024/362.pdf,Kyushu University,Japan
Daiki Maeshima,MPD Thruster with a Strong Applied Field up to 0.5 T Using Cryogenic Fluid-Cooled Magnetic Coil,2024,"38th International Electric Propulsion Conference, Toulouse, France",,,,,https://electricrocket.org/IEPC_2024/363.pdf,Nagoya University,Japan
Miron F. Liu,Experimental Measurements of the Dispersion and Growth Rate of Ion Acoustic Waves in the Plume of a Hollow Cathode,2024,"38th International Electric Propulsion Conference, Toulouse, France",,,,,https://electricrocket.org/IEPC_2024/366.pdf,University of Michigan,United States of America
Mark W. Crofton,"Thruster Ingestion and Propellant Gas
Density-Velocity Measurements",2024,"38th International Electric Propulsion Conference, Toulouse, France",,,,,https://electricrocket.org/IEPC_2024/367.pdf,The Aerospace Corporation,United States of America
Yoshitaka Tani,Qualification Test Status and Performance Evaluation of 6 kW-class Hall thruster for ETS-9 Project,2024,"38th International Electric Propulsion Conference, Toulouse, France",,,,,https://electricrocket.org/IEPC_2024/368.pdf,IHI Aerospace,Japan
Guillaume Scremin,20 years of electric propulsion in-flight experience on Airbus satellites,2024,"38th International Electric Propulsion Conference, Toulouse, France",,,,,https://electricrocket.org/IEPC_2024/369.pdf,Airbus Defence and Space,France
Koki Takagi,On a Model Applicability of Multi-site Emissions for Porous Ionic Liquid Electrospray Thrusters,2024,"38th International Electric Propulsion Conference, Toulouse, France",,,,,https://electricrocket.org/IEPC_2024/370.pdf,Yokohama National University,Japan
Yihao Zhou,Particle-in-cell Simulation of the Influence of Magnetic Separatrix on a Hundred-Watt Level Cylindrical Hall Thruster,2024,"38th International Electric Propulsion Conference, Toulouse, France",,,,,https://electricrocket.org/IEPC_2024/372.pdf,Sun Yat-sen University,China
Ruslan Kozakov,Determination of the neutral gas density by VUV absorption measurements,2024,"38th International Electric Propulsion Conference, Toulouse, France",,,,,https://electricrocket.org/IEPC_2024/373.pdf,University of the Bundeswehr Munich,Germany
Gerrit Kottke,Development of an iodine Fed Advanced Cusp Field Thruster for Mid-Power – iFACT-MP,2024,"38th International Electric Propulsion Conference, Toulouse, France",,,,,https://electricrocket.org/IEPC_2024/374.pdf,Airbus,Germany
Dibyesh Satpathy,Propellant Utilization Efficiency of an Argon Hall thruster with Swirl Injection,2024,"38th International Electric Propulsion Conference, Toulouse, France",,,,,https://electricrocket.org/IEPC_2024/376.pdf,The University of Tokyo,Japan
Federico Petronio,Strategies for enhanced accuracy in 1D fluid simulation of Hall thruster,2024,"38th International Electric Propulsion Conference, Toulouse, France",,,,,https://electricrocket.org/IEPC_2024/377.pdf,Institut Polytechnique de Paris,France
Pedro Jimenez,An Implicit Energy- and Charge-conserving Electromagnetic PIC algorithm for Paraxial Magnetic Nozzles,2024,"38th International Electric Propulsion Conference, Toulouse, France",,,,,https://electricrocket.org/IEPC_2024/378.pdf,Universidad Carlos III de Madrid,Spain
Philipp S. Becke,Current Status of the Development of an Iodine-compatible Neutraliser for Electric Propulsion,2024,"38th International Electric Propulsion Conference, Toulouse, France",,,,,https://electricrocket.org/IEPC_2024/379.pdf,Airbus,Germany
Eric Bourguignon,PPU Developments at Thales Alenia Space in Belgium,2024,"38th International Electric Propulsion Conference, Toulouse, France",,,,,https://electricrocket.org/IEPC_2024/380.pdf,Thales Alenia Space Belgium,Belgium
Jung Won Kuk,Fabrication of Solid and Porous Tungsten Emitters for Field Emission Electric Propulsion,2024,"38th International Electric Propulsion Conference, Toulouse, France",,,,,https://electricrocket.org/IEPC_2024/381.pdf,"Soletop Co., Ltd.",Republic of Korea
Morishita Talato,Theoretical and experimental studies of microwave discharge cathode,2024,"38th International Electric Propulsion Conference, Toulouse, France",,,,,https://electricrocket.org/IEPC_2024/382.pdf,Japan Aerospace Exploration Agency,Japan
Hamda Al-Ali,"Fusion Inspired Tokamak Plasma Thruster: Design, Modeling, and Sizing of an Innovative In-Space Propulsion System",2024,"38th International Electric Propulsion Conference, Toulouse, France",,,,,https://electricrocket.org/IEPC_2024/384.pdf,Imperial College London,United Kingdom
Tommaso Andreussi,The BREATHE Laboratory: A Novel Verification Approach for Air-breathing Electric Propulsion,2024,"38th International Electric Propulsion Conference, Toulouse, France",,,,,https://electricrocket.org/IEPC_2024/384.pdf,Sant’Anna School of Advanced Studies,Italy
Alexander Schwertheim,Performance Characterisation of an Air-breathing thruster neutralised by an Air-breathing Cathode at NewOrbit Space,2024,"38th International Electric Propulsion Conference, Toulouse, France",,,,,https://electricrocket.org/IEPC_2024/385.pdf,NewOrbit Space Ltd,United Kingdom
Hans Blattermann,Development of an Iodine-Fed ACFT Propulsion Subsystem for In-Orbit Validation on a CubeSat Platform,2024,"38th International Electric Propulsion Conference, Toulouse, France",,,,,https://electricrocket.org/IEPC_2024/386.pdf,Airbus,Germany
Alberto Marın-Cebrian,Kinetic electron effects in a Hall thruster discharge with a curved magnetic field topology,2024,"38th International Electric Propulsion Conference, Toulouse, France",,,,,https://electricrocket.org/IEPC_2024/387.pdf,Universidad Carlos III de Madrid,Spain
Maciej Jakubczak,1J-class Pulsed Plasma Thruster with Non-Volatile Propellant – Revisited,2024,"38th International Electric Propulsion Conference, Toulouse, France",,,,,https://electricrocket.org/IEPC_2024/388.pdf,Institute of Plasma Physics and Laser Microfusion,Poland
Peter N. Dahl,"Qualification of the Aurora Low-Power Hall-Effect Thruster Part II: Life Test Status as of 6,000 Hours",2024,"38th International Electric Propulsion Conference, Toulouse, France",,,,,https://electricrocket.org/IEPC_2024/389.pdf,Orbion Space Technology,United States of America
L. Nicolas,Preliminary results on spacecraft polymers erosion under xenon ions bombardment,2024,"38th International Electric Propulsion Conference, Toulouse, France",,,,,https://electricrocket.org/IEPC_2024/390.pdf,ONERA – The French Aerospace Lab,France
Carl E. Fruncek,Qualification of the Aurora Low-Power Hall-Effect Thruster Part I: Environments and Performance,2024,"38th International Electric Propulsion Conference, Toulouse, France",,,,,https://electricrocket.org/IEPC_2024/392.pdf,Orbion Space Technology Inc.,United States of America
Parker J. Roberts,Empirical Closures for Momentum and Energy Transport in Hall Thrusters based on Thomson Scattering Measurements,2024,"38th International Electric Propulsion Conference, Toulouse, France",,,,,https://electricrocket.org/IEPC_2024/393.pdf,University of Michigan,United States of America
Aaron Dickey,Qualification of the Aurora Low-Power PMA,2024,"38th International Electric Propulsion Conference, Toulouse, France",,,,,https://electricrocket.org/IEPC_2024/394.pdf,Orbion Space Technology Inc.,United States of America
Sam E. Baxendale,Qualification of the Aurora Power Processing Unit,2024,"38th International Electric Propulsion Conference, Toulouse, France",,,,,https://electricrocket.org/IEPC_2024/396.pdf,Orbion Space Technology Inc.,United States of America
Michael M. Armstrong,Integrated System Testing and Software Qualification of the Aurora Electric Propulsion System,2024,"38th International Electric Propulsion Conference, Toulouse, France",,,,,https://electricrocket.org/IEPC_2024/397.pdf,Orbion Space Technology Inc.,United States of America
Romain Pioch,Influence of the operating conditions of an ECR thruster on the ion detachment from the magnetic nozzle,2024,"38th International Electric Propulsion Conference, Toulouse, France",,,,,https://electricrocket.org/IEPC_2024/399.pdf,ONERA,France
Seth Antozzi,Cavity Ring-Down Spectroscopy Measurements of Barium Density in a Hollow Cathode,2024,"38th International Electric Propulsion Conference, Toulouse, France",,,,,https://electricrocket.org/IEPC_2024/400.pdf,Colorado State University,United States of America
Klevis Gasa,Experimental Characterization of a Low Current Dry Neutralizer,2024,"38th International Electric Propulsion Conference, Toulouse, France",,,,,https://electricrocket.org/IEPC_2024/402.pdf,University of Southampton,United Kingdom
Florent Guedon,Airbus DS Space Electronics – PPU NS: the challenges of a versatile and optimized PPU for small sats and constellations,2024,"38th International Electric Propulsion Conference, Toulouse, France",,,,,https://electricrocket.org/IEPC_2024/403.pdf,Airbus DS Space Electronics,France
Klevis Gasa,Two-dimensional modelling of a low current electron gun dry neutralizer for ion engines,2024,"38th International Electric Propulsion Conference, Toulouse, France",,,,,https://electricrocket.org/IEPC_2024/404.pdf,University of Southampton,United Kingdom
Oliver Jia-Richards,A Numerical Tool for Quantitative Analysis of Ionic-Liquid Ion Source Time-of-Flight Data,2024,"38th International Electric Propulsion Conference, Toulouse, France",,,,,https://electricrocket.org/IEPC_2024/406.pdf,University of Michigan,United States of America
Jonathan Skalden,Doped Tungsten Insert Designs for an Additively Manufactured Arcjet Deorbit System,2024,"38th International Electric Propulsion Conference, Toulouse, France",,,,,https://electricrocket.org/IEPC_2024/407.pdf,University of Stuttgart,Germany
Gopika Mukundan,Introduction of Novel materials for space application,2024,"38th International Electric Propulsion Conference, Toulouse, France",,,,,https://electricrocket.org/IEPC_2024/408.pdf,Cranfield University,United Kingdom
Thomas Marks,Hall thruster simulations in WarpX,2024,"38th International Electric Propulsion Conference, Toulouse, France",,,,,https://electricrocket.org/IEPC_2024/409.pdf,University of Michigan,United States of America
Declan G. Brick,Model Based Investigation of Anomalous Energy Transport in a Magnetically-Shielded Hall Thruster,2024,"38th International Electric Propulsion Conference, Toulouse, France",,,,,https://electricrocket.org/IEPC_2024/411.pdf,University of Michigan,United States of America
Joshua D. Eckels,Dynamic mode decomposition for particle-in-cell simulations of a Hall thruster and plume,2024,"38th International Electric Propulsion Conference, Toulouse, France",,,,,https://electricrocket.org/IEPC_2024/412.pdf,University of Michigan,United States of America
G. Vigot,Solving Sparse Linear Systems on Unstructured Grids with Graph Neural Networks: Application to solve the Poisson equation for the electric field in Hall Thrusters,2024,"38th International Electric Propulsion Conference, Toulouse, France",,,,,https://electricrocket.org/IEPC_2024/413.pdf,Centre Europeen de Recherche et de Formation Avancees en Calcul Scientifique,France
Federico Cescon,Cluster of Magnetic Nozzles: A Fully Kinetic 3D PIC Simulation Study,2024,"38th International Electric Propulsion Conference, Toulouse, France",,,,,https://electricrocket.org/IEPC_2024/415.pdf,University of Padova,Italy
Yoshinori Nakayama,Rarefied EP Propellant Pressure Measurement Devices for Realization of “Numerical Vacuum Chamber”,2024,"38th International Electric Propulsion Conference, Toulouse, France",,,,,https://electricrocket.org/IEPC_2024/416.pdf,National Defense Academy,Japan
Nolan M. Uchizono,Efficiency scaling of inductively coupled plasmas for radio frequency propulsion systems,2024,"38th International Electric Propulsion Conference, Toulouse, France",,,,,https://electricrocket.org/IEPC_2024/417.pdf,U.S. Naval Research Laboratory,United States of America
Simone Di Fede,A fully kinetic particles-in-cell approach to model a low-power Hall effect thruster plume impingement,2024,"38th International Electric Propulsion Conference, Toulouse, France",,,,,https://electricrocket.org/IEPC_2024/418.pdf,Nanyang Technological University,Singapore
Liwei Zhou,Study on the Difference of Dielectric Barrier Discharge Characteristics Between Carbon Dioxide and Air,2024,"38th International Electric Propulsion Conference, Toulouse, France",,,,,https://electricrocket.org/IEPC_2024/419.pdf,Harbin Institute of Technology,China
Yuya Oshio,Measurement of LaB6 hollow cathode emitter region temperature and plasma characteristics,2024,"38th International Electric Propulsion Conference, Toulouse, France",,,,,https://electricrocket.org/IEPC_2024/420.pdf,Ryukoku University,Japan
Z. Angelow,EP Plasma Plume in Orbit: Analysis and Experimental Correlation,2024,"38th International Electric Propulsion Conference, Toulouse, France",,,,,https://electricrocket.org/IEPC_2024/421.pdf,OHB System AG,Germany
Woojin Joung,Numerical Analysis of an RF Gridded Ion Thruster: Impact of Gas Baffle Structures on Thrust Performance,2024,"38th International Electric Propulsion Conference, Toulouse, France",,,,,https://electricrocket.org/IEPC_2024/422.pdf,Korea Advanced Institute of Science and Technology (KAIST),Republic of Korea
Kai Zhang,Analysis of currents under an oscillating cone-jet mode for developing electrospray thrusters,2024,"38th International Electric Propulsion Conference, Toulouse, France",,,,,https://electricrocket.org/IEPC_2024/423.pdf,Shanghai Aerospace Control Technology Institute,China
Yifei Li,Data-driven analysis of oscillations in a wall-less Hall thruster,2024,"38th International Electric Propulsion Conference, Toulouse, France",,,,,https://electricrocket.org/IEPC_2024/424.pdf,Beihang University,China
Igal Kronhaus,Geometrical Scaling of the Narrow Channel Hall Thruster,2024,"38th International Electric Propulsion Conference, Toulouse, France",,,,,https://electricrocket.org/IEPC_2024/425.pdf,Space Plasmatics LTD,Israel
Xiaochen Suo,Study of Electro-Hydrodynamic Behaviors inside Electrospray Thruster Based on Numerical Simulation,2024,"38th International Electric Propulsion Conference, Toulouse, France",,,,,https://electricrocket.org/IEPC_2024/426.pdf,Huazhong University of Science and Technology,China
Dongyang Xiao,Enhancing The Electron Beam Transmittance of Carbon Nanotubes Cathode Using a Self-Charging Gate,2024,"38th International Electric Propulsion Conference, Toulouse, France",,,,,https://electricrocket.org/IEPC_2024/427.pdf,Huazhong University of Science and Technology,China
Piotr Fil,Investigation of transient behavior in water propelled Hall-effect thruster,2024,"38th International Electric Propulsion Conference, Toulouse, France",,,,,https://electricrocket.org/IEPC_2024/428.pdf,Imperial College London,United Kingdom
Yevhen Tkachenko,Resistive MHD simulations of a self-field magnetoplasmadynamic thruster with the FLASH code,2024,"38th International Electric Propulsion Conference, Toulouse, France",,,,,https://electricrocket.org/IEPC_2024/430.pdf,Sorbonne Universite,France
Francesco Marconcini,Additive Manufacturing of Hall Thruster Magnetic Circuits,2024,"38th International Electric Propulsion Conference, Toulouse, France",,,,,https://electricrocket.org/IEPC_2024/431.pdf,University of Pisa,Italy
Ari J. Eckhaus,A Model-Driven Investigation into the Role of Wall Secondary Electron Emission in an Electron Cyclotron Resonance Magnetic Nozzle Thruster,2024,"38th International Electric Propulsion Conference, Toulouse, France",,,,,https://electricrocket.org/IEPC_2024/432.pdf,University of Michigan,United States of America
S. Scaranzin,Characterisation of a 20 kW Dual Channel HET in the Framework of the ESA TANDEM Project,2024,"38th International Electric Propulsion Conference, Toulouse, France",,,,,https://electricrocket.org/IEPC_2024/433.pdf,AEROSPAZIO Tecnologie Srl,Italy
Ximo Gallud,Numerical simulation of ionic liquid ion sources in tip geometries,2024,"38th International Electric Propulsion Conference, Toulouse, France",,,,,https://electricrocket.org/IEPC_2024/434.pdf,Massachusetts Institute of Technology,United States of America
K. Papavramidis,Development activities of an RF helicon-based plasma thruster for a VLEO platform,2024,"38th International Electric Propulsion Conference, Toulouse, France",,,,,https://electricrocket.org/IEPC_2024/435.pdf,University of Stuttgart,Germany
Peter Thoreau,Machine Learning for Rapid Optimization of Hall Thrusters,2024,"38th International Electric Propulsion Conference, Toulouse, France",,,,,https://electricrocket.org/IEPC_2024/435.pdf,University of Washington,United States of America
Rafid Bendimerad,Propellant Discovery For Electrospray Thrusters Using Machine Learning,2024,"38th International Electric Propulsion Conference, Toulouse, France",,,,,https://electricrocket.org/IEPC_2024/436.pdf,Cornell University,United States of America
Yoshinori Nakayama,Feasibility Study on a Visualized Cylindrical Hall Thruster,2024,"38th International Electric Propulsion Conference, Toulouse, France",,,,,https://electricrocket.org/IEPC_2024/437.pdf,National Defense Academy,Japan
Anmol Taploo,Self-Neutralization at Low-Pressure,2024,"38th International Electric Propulsion Conference, Toulouse, France",,,,,https://electricrocket.org/IEPC_2024/438.pdf,George Washington University,United States of America
Nolan M. Uchizono,The Influence of Facility Effects on Clustered Electrospray Thruster Operation,2024,"38th International Electric Propulsion Conference, Toulouse, France",,,,,https://electricrocket.org/IEPC_2024/439.pdf,University of California,United States of America
Yan Shen,Rapid start-up method and in-orbit verification of very low power arcjet thruster,2024,"38th International Electric Propulsion Conference, Toulouse, France",,,,,https://electricrocket.org/IEPC_2024/441.pdf,Sun-Yat-Sen University,China
Cameron Adkins,Air-Breathing Pulsed Plasma Thruster Array Demonstrating High Thrust Density,2024,"38th International Electric Propulsion Conference, Toulouse, France",,,,,https://electricrocket.org/IEPC_2024/442.pdf,Texas A&M University,United States of America
Jiawei Luo,Impact of Ionic Liquid Temperature on the Thruster Performance of a Capillary ILET,2024,"38th International Electric Propulsion Conference, Toulouse, France",,,,,https://electricrocket.org/IEPC_2024/443.pdf,Sun Yat-sen University (Shenzhen Campus),China
Luqman Fathurrohim,Extension of Reduced-order Poisson Solver for 3D Particle-in-Cell Simulation of Hall Thruster,2024,"38th International Electric Propulsion Conference, Toulouse, France",,,,,https://electricrocket.org/IEPC_2024/444.pdf,Imperial College London,United Kingdom
Wei Liu,High Frequency Electrostatic Instabilities in Planar Hall Thrusters,2024,"38th International Electric Propulsion Conference, Toulouse, France",,,,,https://electricrocket.org/IEPC_2024/445.pdf,Beihang University,China
Siyuan Zhang,Design Optimization and Experiment of a 1-cm Magnet Arrays Microwave Discharge Ion Thruster,2024,"38th International Electric Propulsion Conference, Toulouse, France",,,,,https://electricrocket.org/IEPC_2024/446.pdf,Xi'an Jiaotong University,China
Shitan Tauchi,Trade-Off Analysis of Electric Propulsion System using Alternative Propellant for Commercial On-Orbit Services,2024,"38th International Electric Propulsion Conference, Toulouse, France",,,,,https://electricrocket.org/IEPC_2024/447.pdf,Astroscale Japan Inc.,Japan
Yuliang Fu,The Simulation Verification of Electron Heating Mode at Magnetic Field Diffusion Region for a Microwave Discharge Ion Thruster,2024,"38th International Electric Propulsion Conference, Toulouse, France",,,,,https://electricrocket.org/IEPC_2024/448.pdf,Xi'an Jiaotong University,China
Patrick R C Neumann,In-Situ Resource Utilisation for Electric Propulsion System Propellant Production: Conceptual Design Based on Metal Recycling for Cathodic Arc Thrusters,2024,"38th International Electric Propulsion Conference, Toulouse, France",,,,,https://electricrocket.org/IEPC_2024/449.pdf,Neumann Space,Australia
Shang-sheng Wang,Lifetime Enhancement of Microwave Cusped Field Thrusters by Magnetic Shielding,2024,"38th International Electric Propulsion Conference, Toulouse, France",,,,,https://electricrocket.org/IEPC_2024/450.pdf,Harbin Institute of Technology,China
Kento Yoshida,Thrust Measurement of Water-Propellant Arcjet Thruster,2024,"38th International Electric Propulsion Conference, Toulouse, France",,,,,https://electricrocket.org/IEPC_2024/452.pdf,Tokyo Metropolitan University,Japan
Daisuke Komatsu,Performance of Water Direct Injection Type MPD Thruster,2024,"38th International Electric Propulsion Conference, Toulouse, France",,,,,https://electricrocket.org/IEPC_2024/454.pdf,Tokyo Metropolitan University,Japan
Taisei Nakajima,Performance of Double-Channel TAL-type Hall Thruster,2024,"38th International Electric Propulsion Conference, Toulouse, France",,,,,https://electricrocket.org/IEPC_2024/455.pdf,Tokyo Metropolitan University,Japan
Yu Chen,Ionic Liquid Thruster Performance and Lifetime Simulation: A Hybrid Approach Integrating Particle-in-Cell (PIC) and Machine Learning (ML),2024,"38th International Electric Propulsion Conference, Toulouse, France",,,,,https://electricrocket.org/IEPC_2024/457.pdf,Sun Yat-sen University,China
Kunlong Wu,Development and On-Orbit Application of a Charge Neutralization Electrospray System,2024,"38th International Electric Propulsion Conference, Toulouse, France",,,,,https://electricrocket.org/IEPC_2024/458.pdf,Beihang University,China
Austen Thomas,High-Speed Far-Field Energy Measurements in a 9-kW Hall Effect Thruster for Model Inference and Calibration,2024,"38th International Electric Propulsion Conference, Toulouse, France",,,,,https://electricrocket.org/IEPC_2024/459.pdf,Western Michigan University,United States of America
Asish James,Experimental Investigation of ICP and Helicon Discharge for Electrodeless Plasma Thrusters,2024,"38th International Electric Propulsion Conference, Toulouse, France",,,,,https://electricrocket.org/IEPC_2024/460.pdf,Liquid Propulsion Systems Centre,India
Kuniyoshi Tabata,Development Status of the Microwave Ion Engine for JAXA’s DESTINY+ Mission,2024,"38th International Electric Propulsion Conference, Toulouse, France",,,,,https://electricrocket.org/IEPC_2024/462.pdf,Japan Aerospace Exploration Agency,Japan
Kaho Suzuki,Miniaturized End-Hall Thruster Full-PIC Simulation,2024,"38th International Electric Propulsion Conference, Toulouse, France",,,,,https://electricrocket.org/IEPC_2024/463.pdf,Tokai University,Japan
Te-Yueh Chen,Development of the pulsed-plasma thruster using unbalanced theta pinches,2024,"38th International Electric Propulsion Conference, Toulouse, France",,,,,https://electricrocket.org/IEPC_2024/466.pdf,National Cheng Kung University,Taiwan
Zihao Luo,Numerical simulation of the ignition process of a new dual trigger electrode hollow cathode,2024,"38th International Electric Propulsion Conference, Toulouse, France",,,,,https://electricrocket.org/IEPC_2024/467.pdf,Beihang University,China
Saskia Sutterlin,Kilowatt Advanced Cusp Field Thruster Development and De-Risk Activities,2024,"38th International Electric Propulsion Conference, Toulouse, France",,,,,https://electricrocket.org/IEPC_2024/468.pdf,Airbus,Germany
Jörn Krenzer,New Methods for Computer Tomography Based Ion Thruster Diagnostics and Simulation,2024,"38th International Electric Propulsion Conference, Toulouse, France",,,,,https://electricrocket.org/IEPC_2024/469.pdf,Bundeswehr University Munich,Germany
Daiki Koda,Electromagnetic Emissions from 6-kW-class Hall Thruster for Engineering Test Satellite-9,2024,"38th International Electric Propulsion Conference, Toulouse, France",,,,,https://electricrocket.org/IEPC_2024/470.pdf,Japan Aerospace Exploration Agency,Japan
Matteo Guaita,Hybrid PIC/Fluid Simulations of the Plume Expansion in a Magnetic Arch,2024,"38th International Electric Propulsion Conference, Toulouse, France",,,,,https://electricrocket.org/IEPC_2024/471.pdf,Universidad Carlos III de Madrid,Spain
Matteo Guaita,A Full PIC Study of the Neutralization of the RIT10-EVO’s Plasma Plume,2024,"38th International Electric Propulsion Conference, Toulouse, France",,,,,https://electricrocket.org/IEPC_2024/472.pdf,Universidad Carlos III de Madrid,Spain
Ping Han Huang,Characterization of Vacuum Arc Thruster with Multi-layer Insulator at Different Delay Times of Double Pulses,2024,"38th International Electric Propulsion Conference, Toulouse, France",,,,,https://electricrocket.org/IEPC_2024/477.pdf,National Cheng Kung University,Taiwan
N. Barth,Solar Activity Dependency of a Specular Intake for an ABEP System,2024,"38th International Electric Propulsion Conference, Toulouse, France",,,,,https://electricrocket.org/IEPC_2024/482.pdf,University of Stuttgart,Germany
Charles P. Lipscomb,Evaluation of H9 Hall Thruster Plume Simulations using Coupled Thruster and Facility Models,2024,"38th International Electric Propulsion Conference, Toulouse, France",,,,,https://electricrocket.org/IEPC_2024/483.pdf,University of Colorado at Boulder,United States of America
Fabiano Perini,Testing of a small Water Resistojet Thruster in Zero-G flight experimental campaign,2024,"38th International Electric Propulsion Conference, Toulouse, France",,,,,https://electricrocket.org/IEPC_2024/485.pdf,ICARE (CNRS),France
Mary F. Konopliv,Ion-Neutral Density and Electron Temperature Phasing in the Hall Thruster Breathing Mode,2024,"38th International Electric Propulsion Conference, Toulouse, France",,,,,https://electricrocket.org/IEPC_2024/487.pdf,University of California: Los Angeles,United States of America
Mary F. Konopliv,Cathode Species Contributions to Hall Thruster Plume Dynamics,2024,"38th International Electric Propulsion Conference, Toulouse, France",,,,,https://electricrocket.org/IEPC_2024/488.pdf,University of California: Los Angeles,United States of America
Nathaniel J. Allwine,Luminescence Characterization During Operation of a Porous Emitter Ionic Liquid Electrospray,2024,"38th International Electric Propulsion Conference, Toulouse, France",,,,,https://electricrocket.org/IEPC_2024/489.pdf,Western Michigan University,United States of America
E. Tenailleau,Hybrid Air-Breathing Electric Propulsion for Very Low Earth Orbit Missions,2024,"38th International Electric Propulsion Conference, Toulouse, France",,,,,https://electricrocket.org/IEPC_2024/492.pdf,Cranfield University,United Kingdom
D. Vatansever,Development of a Fully Kinetic 3-D Code for Magnetized Plumes,2024,"38th International Electric Propulsion Conference, Toulouse, France",,,,,https://electricrocket.org/IEPC_2024/496.pdf,University of Illinois at Urbana-Champaign,United States of America
John Kent Frankovich,"Qualification of a Pulsed, Millinewton Class Metal Plasma Thruster for Broad Mission Applications",2024,"38th International Electric Propulsion Conference, Toulouse, France",,,,,https://electricrocket.org/IEPC_2024/497.pdf,Benchmark Space Systems,United States of America
Curtis A. Woodruff,CAMFlow-3 Flow Controller and Hall Thruster Testing,2024,"38th International Electric Propulsion Conference, Toulouse, France",,,,,https://electricrocket.org/IEPC_2024/499.pdf,CU Aerospace,United States of America
Maria Smirnova,Radio Frequency Atmosphere Breathing Ion Engine development,2024,"38th International Electric Propulsion Conference, Toulouse, France",,,,,https://electricrocket.org/IEPC_2024/499.pdf,TransMIT GmbH,Germany
Maryam Reza,Progress and future directions on predictive data-driven reduced-order modeling for Electric Propulsion digital twins,2024,"38th International Electric Propulsion Conference, Toulouse, France",,,,,https://electricrocket.org/IEPC_2024/501.pdf,Imperial College London,United Kingdom
Farbod Faraji,Data-driven dynamics discovery and discrepancy modeling for advancing plasma science and technology,2024,"38th International Electric Propulsion Conference, Toulouse, France",,,,,https://electricrocket.org/IEPC_2024/502.pdf,Imperial College London,United Kingdom
Maryam Reza,"Applications of Shallow Recurrent Decoder for plasma systems, including super-resolution enhancement of the reduced-order particle-in-cell simulations",2024,"38th International Electric Propulsion Conference, Toulouse, France",,,,,https://electricrocket.org/IEPC_2024/503.pdf,Imperial College London,United Kingdom
Braden Oh,Carbon Backsputter Mitigation with a Retarding Beam Dump,2024,"38th International Electric Propulsion Conference, Toulouse, France",,,,,https://electricrocket.org/IEPC_2024/504.pdf,University of Michigan,United States of America
Matteo Ripoli,Analysis of Drift Instabilities in a Magnetic Nozzle,2024,"38th International Electric Propulsion Conference, Toulouse, France",,,,,https://electricrocket.org/IEPC_2024/506.pdf,Universidad Carlos III de Madrid,Spain
Jakob Balkenhohl,Discharge Characterization and Preliminary Plume Mapping of a Hollow Cathode with Applied Axial Magnetic Fields for AF-MPDT Applications,2024,"38th International Electric Propulsion Conference, Toulouse, France",,,,,https://electricrocket.org/IEPC_2024/507.pdf,The University of Auckland,New Zealand
A. Lecervoisier,Laser induced fluorescence spectroscopy study of Hall thruster discharge at ignition and warm-up,2024,"38th International Electric Propulsion Conference, Toulouse, France",,,,,https://electricrocket.org/IEPC_2024/508.pdf,ICARE,France
Julian Lopez-Uricoechea,Laser Thomson Scattering Measurements and Inference of the Electron Hall Parameter Across the Acceleration Region of a Hall Effect Thruster,2024,"38th International Electric Propulsion Conference, Toulouse, France",,,,,https://electricrocket.org/IEPC_2024/509.pdf,Georgia Institute of Technology,United States of America
Shunichiro Ide,Integrated Test of 6-kW-class Hall Thruster and PPU-E for the Engineering Test Satellite-9,2024,"38th International Electric Propulsion Conference, Toulouse, France",,,,,https://electricrocket.org/IEPC_2024/510.pdf,Japan Aerospace Exploration Agency,Japan
Saba Z. Shaik,Investigation of Electrochemical Gas Generation in Ion Electrospray Thrusters,2024,"38th International Electric Propulsion Conference, Toulouse, France",,,,,https://electricrocket.org/IEPC_2024/511.pdf,Massachusetts Institute of Technology,United States of America
Kazuhiro Toyoda,Development of Rectangular Surface Arc Thruster,2024,"38th International Electric Propulsion Conference, Toulouse, France",,,,,https://electricrocket.org/IEPC_2024/512.pdf,Kyushu Institute of Technology,Japan
McKenna J. D. Breddan,Characterizing Electrospray Plume Divergence,2024,"38th International Electric Propulsion Conference, Toulouse, France",,,,,https://electricrocket.org/IEPC_2024/513.pdf,University of California,United States of America
McKenna J. D. Breddan,Coulomb Dominance in Electrospray Plume Expansion,2024,"38th International Electric Propulsion Conference, Toulouse, France",,,,,https://electricrocket.org/IEPC_2024/514.pdf,University of California,United States of America
Richard R. Hofer,The H10 High Power Density Hall Thruster,2024,"38th International Electric Propulsion Conference, Toulouse, France",,,,,https://electricrocket.org/IEPC_2024/515.pdf,Jet Propulsion Laboratory,United States of America
Ethan James Kravet,Instantaneous Microwave Ignition of ASCENT,2024,"38th International Electric Propulsion Conference, Toulouse, France",,,,,https://electricrocket.org/IEPC_2024/516.pdf,The Pennsylvania State University,United States of America
Takumi Iwagashira,Comparison of the Normal and Tangential Components of the Energy Distribution of the Backflow Ions for a 10 cm_x0002_class Microwave Discharge Ion Thruster by Laboratory Experiment,2024,"38th International Electric Propulsion Conference, Toulouse, France",,,,,https://electricrocket.org/IEPC_2024/517.pdf,Chukyo University,Japan
Keisuke Nakata,Measurement of Thruster Plume Parameters for 10 cm-class Microwave Discharge Ion Thruster in Laboratory Experiments,2024,"38th International Electric Propulsion Conference, Toulouse, France",,,,,https://electricrocket.org/IEPC_2024/518.pdf,Chukyo University,Japan
Ikkoh Funaki,Development of 6-kW-class Hall-Thruster at JAXA,2024,"38th International Electric Propulsion Conference, Toulouse, France",,,,,https://electricrocket.org/IEPC_2024/519.pdf,Japan Aerospace Exploration Agency,Japan
Ayumu	Nono,Experimental investigation of Ion backflow of the microwave ion thruster by Retarding Potential Analyzers,2024,"38th International Electric Propulsion Conference, Toulouse, France",,,,,https://electricrocket.org/IEPC_2024/520.pdf,The University of Tokyo,Japan
Hongbo Zhou,Low-Frequency Noise Suppression Study of a Microwave Cusped Field Thruster,2024,"38th International Electric Propulsion Conference, Toulouse, France",,,,,https://electricrocket.org/IEPC_2024/521.pdf,Harbin Institute of Technology,China
Mennatallah M. Hussein,Key Underlying Physical Processes and Resulting Scaling Laws for Helicon Plasma Thrusters,2024,"38th International Electric Propulsion Conference, Toulouse, France",,,,,https://electricrocket.org/IEPC_2024/522.pdf,Arizona State University,United States of America
Junhwi Bak,Is anomalous electron cross-field transport always detrimental?: Potential applications of deliberately enhanced transport in Hall thrusters,2024,"38th International Electric Propulsion Conference, Toulouse, France",,,,,https://electricrocket.org/IEPC_2024/524.pdf,Texas A&M University,United States of America
Ryo Minematsu,Experimental investigation of drift instability in a microwave discharge ion thruster,2024,"38th International Electric Propulsion Conference, Toulouse, France",,,,,https://electricrocket.org/IEPC_2024/525.pdf,The University of Tokyo,Japan
Jinyuan Yang,Influence of Grid Structure on an RF Self-biased Ion Thruster,2024,"38th International Electric Propulsion Conference, Toulouse, France",,,,,https://electricrocket.org/IEPC_2024/526.pdf,Xi’an Jiaotong University,China
Jamal R. Olatunji,"Design, Modelling and Fabrication of a Fault Tolerant 1 T Superconducting Applied-Field Module for a kW-class Plasma Rocket",2024,"38th International Electric Propulsion Conference, Toulouse, France",,,,,https://electricrocket.org/IEPC_2024/527.pdf,Victoria University of Wellington,New Zealand
Kento Shirasu,Internal and Near Field Plasma Measurements of a 200 W-class Water-Fueled Hall Thruster using a Langmuir Probe,2024,"38th International Electric Propulsion Conference, Toulouse, France",,,,,https://electricrocket.org/IEPC_2024/528.pdf,The University of Tokyo,Japan
Isami Dainichi,Experimental Demonstration of Thermionic Cathode with Three Electrodes Suited for Low-power Water-vapor Hall Effect Thruster,2024,"38th International Electric Propulsion Conference, Toulouse, France",,,,,https://electricrocket.org/IEPC_2024/529.pdf,The University of Tokyo,Japan
Logan A. Alvesteffer,Design of Agnostic Electric Propulsion Telemetry System,2024,"38th International Electric Propulsion Conference, Toulouse, France",,,,,https://electricrocket.org/IEPC_2024/530.pdf,Western Michigan University,United States of America
Saptarshi Biswas,Hall thruster ion-induced sputtering of facility surfaces: Review of PMI data,2024,"38th International Electric Propulsion Conference, Toulouse, France",,,,,https://electricrocket.org/IEPC_2024/532.pdf,Oregon State University,United States of America
Ivan Romadanov,In-Situ Erosion Monitoring for Plasma Thrusters,2024,"38th International Electric Propulsion Conference, Toulouse, France",,,,,https://electricrocket.org/IEPC_2024/533.pdf,Princeton Plasma Physics Laboratory,United States of America
Andrei Smolyakov,Electromagnetic and Swirl Acceleration in the Magnetic Nozzle,2024,"38th International Electric Propulsion Conference, Toulouse, France",,,,,https://electricrocket.org/IEPC_2024/534.pdf,University of Saskatchewan,Canada
Yuta Takigawa,Plume Interference Effects in Multiple Head Operation Using Racetrack-Shaped Heads,2024,"38th International Electric Propulsion Conference, Toulouse, France",,,,,https://electricrocket.org/IEPC_2024/535.pdf,Gifu University,Japan
Sota Yamaguchi,Impact of hollow anode geometries on characteristics of miniaturized low-power anode layer Hall thrusters,2024,"38th International Electric Propulsion Conference, Toulouse, France",,,,,https://electricrocket.org/IEPC_2024/536.pdf,Tokai University,Japan
Kenta Yanagihara,Hollow anode characterization for low-power magnetic-layer Hall thrusters,2024,"38th International Electric Propulsion Conference, Toulouse, France",,,,,https://electricrocket.org/IEPC_2024/537.pdf,Tokai University,Japan
Yuteng Hu,Measurements on the Arc Discharge in Air-breathing MPD Thruster,2024,"38th International Electric Propulsion Conference, Toulouse, France",,,,,https://electricrocket.org/IEPC_2024/538.pdf,Osaka Metropolitan University,Japan
Saptarshi Biswas,Facility Effects Due to Earth’s Local Gravity on a MET,2024,"38th International Electric Propulsion Conference, Toulouse, France",,,,,https://electricrocket.org/IEPC_2024/539.pdf,Oregon State University,United States of America
Lehui Cao,Anisotropic Transport Property in AF-MPDT Numerical Simulation,2024,"38th International Electric Propulsion Conference, Toulouse, France",,,,,https://electricrocket.org/IEPC_2024/540.pdf,Beihang University,China
Shigemitsu Suzuki,Elastic electron-neutral collision effects on cross-field electron transport,2024,"38th International Electric Propulsion Conference, Toulouse, France",,,,,https://electricrocket.org/IEPC_2024/541.pdf,Stanford University,United States of America
Ian K. Johnson,Utilizing the Full Power of a GEOCOM Electric Propulsion System: Quad EOR,2024,"38th International Electric Propulsion Conference, Toulouse, France",,,,,https://electricrocket.org/IEPC_2024/542.pdf,Maxar Space Systems,United States of America
Ryudo Tsukizaki,Experimental Investigation of Anomalous Sputtering in the Vicinity of Microwave Neutralizer Cathode by Laser-induced Fluorescence Spectroscopy,2024,"38th International Electric Propulsion Conference, Toulouse, France",,,,,https://electricrocket.org/IEPC_2024/545.pdf,Japan Aerospace Exploration Agency,Japan
Takanobu Muranaka,Background Pressure Effects on Energy Distribution of Backflow Ions in Gridded Ion Thruster Operation,2024,"38th International Electric Propulsion Conference, Toulouse, France",,,,,https://electricrocket.org/IEPC_2024/546.pdf,Chukyo University,Japan
Rei Kawashima,Control of Gradient Drift Instability and Electron Transport by Artificial Disturbances in Hall Thrusters,2024,"38th International Electric Propulsion Conference, Toulouse, France",,,,,https://electricrocket.org/IEPC_2024/547.pdf,Shibaura Institute of Technology,Japan
Kehui Zhou,E×B probe diagnosis in the plasma plume of a low-power external discharge Hall thruster,2024,"38th International Electric Propulsion Conference, Toulouse, France",,,,,https://electricrocket.org/IEPC_2024/548.pdf,Xi'an Jiaotong University,China
Ryan W. Cowan,Hall Thruster Krypton Sputtering Effects on Vacuum Facility Materials,2024,"38th International Electric Propulsion Conference, Toulouse, France",,,,,https://electricrocket.org/IEPC_2024/549.pdf,Oregon State University,United States of America
Hiroki Watanabe,1-kW Hall Thruster and Radio Frequency Plasma Cathode toward Application of Dry Ice Propellant,2024,"38th International Electric Propulsion Conference, Toulouse, France",,,,,https://electricrocket.org/IEPC_2024/550.pdf,Japan Aerospace Exploration Agency,Japan
Yoshinori Takao,Fabrication of Ionic Liquid Electrospray Thrusters with a 1-μm Scale Emitter Array for Higher Current Densities,2024,"38th International Electric Propulsion Conference, Toulouse, France",,,,,https://electricrocket.org/IEPC_2024/551.pdf,Yokohama National University,Japan
Luke K. Franz,"Xe-C Scattering, Implantation, and Sputtering Analysis for EP Systems",2024,"38th International Electric Propulsion Conference, Toulouse, France",,,,,https://electricrocket.org/IEPC_2024/552.pdf,Oregon State University,United States of America
Erik Mache,A Multifunctional Power Processing Unit (M-PPU) that drives multiple thrusters of different types,2024,"38th International Electric Propulsion Conference, Toulouse, France",,,,,https://electricrocket.org/IEPC_2024/554.pdf,ASP Equipment GmbH,Germany
Yoshiki Matsunaga,Discharge Current Amplitude Detection in Power Processing Units for Hall Thrusters,2024,"38th International Electric Propulsion Conference, Toulouse, France",,,,,https://electricrocket.org/IEPC_2024/555.pdf,Japan Aerospace Exploration Agency,Japan
Isamu Moriai,Design and Testing of a Six-degree-of-Freedom Thrust Measurement System for Micropropulsion,2024,"38th International Electric Propulsion Conference, Toulouse, France",,,,,https://electricrocket.org/IEPC_2024/556.pdf,The University of Tokyo,Japan
Jaejun Lee,Comparison of Xenon and Nitrogen Discharges in Low Current Hollow Cathode,2024,"38th International Electric Propulsion Conference, Toulouse, France",,,,,https://electricrocket.org/IEPC_2024/557.pdf,Korea Advanced Institute of Science and Technology (KAIST),Republic of Korea
Manel Caballero-Perez,Increasing Specific Impulse in Electrospray Devices through Emitter Design,2024,"38th International Electric Propulsion Conference, Toulouse, France",,,,,https://electricrocket.org/IEPC_2024/558.pdf,University of California at Irvine,United States of America
B. Esteves,"Iodine (I2) and noble gases (Xe, Kr, Ar) plasma physics for HETs with preliminary characterisation of the PPS®X00 running on these alternative propellants",2024,"38th International Electric Propulsion Conference, Toulouse, France",,,,,https://electricrocket.org/IEPC_2024/559.pdf,Safran Spacecraft Propulsion,France
Franz Georg Hey,Water Fed Advanced Cusp Field Thruster,2024,"38th International Electric Propulsion Conference, Toulouse, France",,,,,https://electricrocket.org/IEPC_2024/560.pdf,Airbus,Germany
Aishwaryaa S,Hybrid Simulation and Performance Characteristics Evaluation of Two Dimensional SPT-100 Hall Thruster,2024,"38th International Electric Propulsion Conference, Toulouse, France",,,,,https://electricrocket.org/IEPC_2024/562.pdf,SRM Institute of Science & Technology,India
Jakub Glowacki,Discharge Characteristics of a Low-power Applied-field Magnetoplasmadynamic Thruster in a Tesla-level Magnetic Field,2024,"38th International Electric Propulsion Conference, Toulouse, France",,,,,https://electricrocket.org/IEPC_2024/565.pdf,Victoria University of Wellington,New Zealand
Wei-Cheng Wang,Development of Permanent Magnet Low-power Hall thruster for Argon Propellant,2024,"38th International Electric Propulsion Conference, Toulouse, France",,,,,https://electricrocket.org/IEPC_2024/566.pdf,National Cheng Kung University,Taiwan
George-Cristian Potrivitu,Performance and Plume Characterization of the MUlti–Stage Ignition Compact (MUSIC) Hall Effect Thruster,2024,"38th International Electric Propulsion Conference, Toulouse, France",,,,,https://electricrocket.org/IEPC_2024/568.pdf,Aliena Pte. Ltd.,Singapore
J. Perales-Dıaz,Simulations of a magnetically-shielded Hall effect thruster with conducting walls,2024,"38th International Electric Propulsion Conference, Toulouse, France",,,,,https://electricrocket.org/IEPC_2024/571.pdf,Universidad Carlos III de Madrid,Spain
Zhang Liwei,Numerical Simulation of the Electrical Breakdown Initiation in Ion Thruster Optics,2024,"38th International Electric Propulsion Conference, Toulouse, France",,,,,https://electricrocket.org/IEPC_2024/573.pdf,Xi’an Jiaotong University,China
Kai Sheng Khoo,Flight & Launch Integration of the MUSIC Hall Effect Thruster and ARM Resistojets as a Multi-modal Electric Propulsion Engine (MEPE) on a 12 U Satellite for the STRIDER Mission,2024,"38th International Electric Propulsion Conference, Toulouse, France",,,,,https://electricrocket.org/IEPC_2024/576.pdf,Aliena Pte. Ltd.,Singapore
Julia Grill,Analysis and Benchmarking of Suitable High-Power Electric Thrusters for RocketRoll’s Nuclear Electric Propulsion Project,2024,"38th International Electric Propulsion Conference, Toulouse, France",,,,,https://electricrocket.org/IEPC_2024/578.pdf,Institute of Space Systems,Germany
Alessa Sperber,Thrust Balance Design for the Advanced 5 kW AF-MPD Thruster SUPREME,2024,"38th International Electric Propulsion Conference, Toulouse, France",,,,,https://electricrocket.org/IEPC_2024/581.pdf,University of Stuttgart,Germany
Nazareno Fazio,Experimental characterisation of a Small Ring-Cusp Gridded Ion Engine using Alternative Propellants,2024,"38th International Electric Propulsion Conference, Toulouse, France",,,,,https://electricrocket.org/IEPC_2024/582.pdf,University of Southampton,United Kingdom
Matteo Laterza,"Design, Testing and Qualification of MUSIC Propulsion System for ELITE Small Satellite Mission to Very Low Earth Orbit",2024,"38th International Electric Propulsion Conference, Toulouse, France",,,,,https://electricrocket.org/IEPC_2024/583.pdf,Aliena Pte. Ltd.,Singapore
Shun Imai,Wear Analysis of a LaB6 Hollow Cathode in the Operation with Applied Magnetic Field,2024,"38th International Electric Propulsion Conference, Toulouse, France",,,,,https://electricrocket.org/IEPC_2024/585.pdf,Japan Aerospace Exploration Agency,Japan
M. Da Valle,Laser-induced fluorescence spectroscopy on neutrals for plasma studies in Hall thrusters,2024,"38th International Electric Propulsion Conference, Toulouse, France",,,,,https://electricrocket.org/IEPC_2024/587.pdf,Universita di Siena,Italy
Ehsan Taghizadeh,Electric Propulsion Facility Optimization via Reduced Order Modeling,2024,"38th International Electric Propulsion Conference, Toulouse, France",,,,,https://electricrocket.org/IEPC_2024/588.pdf,University of California,United States of America
D. Wanke,Facility Advancement and Mapping for the Advanced 5 kW AF-MPD Thruster SUPREME,2024,"38th International Electric Propulsion Conference, Toulouse, France",,,,,https://electricrocket.org/IEPC_2024/589.pdf,University of Stuttgart,Germany
Manuel M. Saravia,Calibration of a Hall Thruster numerical model using a Bayesian approach,2024,"38th International Electric Propulsion Conference, Toulouse, France",,,,,https://electricrocket.org/IEPC_2024/590.pdf,Dipartimento di Ingegneria Civile e Industriale,Italy
Franco Bosi,One-Dimensional model for Hollow Cathode Straight-Orifice lifetime prediction,2024,"38th International Electric Propulsion Conference, Toulouse, France",,,,,https://electricrocket.org/IEPC_2024/591.pdf,Mars Space Ltd,United Kingdom
M. R. Inchingolo,Simulation of the discharge and microwave-plasma coupling in a waveguide ECR thruster,2024,"38th International Electric Propulsion Conference, Toulouse, France",,,,,https://electricrocket.org/IEPC_2024/592.pdf,Universidad Carlos III de Madrid,Spain
Oscar Case,Experimental characterization of a Low Power Ring-Cusp Gridded Ion Thruster,2024,"38th International Electric Propulsion Conference, Toulouse, France",,,,,https://electricrocket.org/IEPC_2024/593.pdf,Mars Space Ltd,United Kingdom
Oscar Case,Ion Optics Lifetime Assessment of a 30 cm Ring-Cusp Discharge Chamber Operated with Xenon and Krypton,2024,"38th International Electric Propulsion Conference, Toulouse, France",,,,,https://electricrocket.org/IEPC_2024/595.pdf,Mars Space Ltd,United Kingdom
Parker J. Roberts,Time-Resolved Laser Diagnostics in Hall Thrusters with Time-Delay Embedding Data Fusion,2024,"38th International Electric Propulsion Conference, Toulouse, France",,,,,https://electricrocket.org/IEPC_2024/596.pdf,University of Michigan,United States of America
Rin Watanabe,Improvement of 2.3J of Coaxial Pulsed Plasma Thruster,2024,"38th International Electric Propulsion Conference, Toulouse, France",,,,,https://electricrocket.org/IEPC_2024/597.pdf,The University of Yamanashi,Japan
Bo-Yu Lai,Vacuum Arc Thruster and Multi-Directional Measurement System with Faraday Cup,2024,"38th International Electric Propulsion Conference, Toulouse, France",,,,,https://electricrocket.org/IEPC_2024/599.pdf,National Cheng Kung University,Taiwan
Laura Bettiol,Development of the ECLIPSE thruster,2024,"38th International Electric Propulsion Conference, Toulouse, France",,,,,https://electricrocket.org/IEPC_2024/601.pdf,FOTEC Forschungs-und Technologietransfer GmbH,Austria
Hans J. Leiter,RIT 2X and RIT Family Radio Frequency Ion Thruster Development and Qualification for Commercial and Scientific Missions,2024,"38th International Electric Propulsion Conference, Toulouse, France",,,,,https://electricrocket.org/IEPC_2024/602.pdf,Ariane Group GmbH Langer Grund,Germany
C. Altmann,ArianeGroup Neutralizer NTR2X5 Qualification,2024,"38th International Electric Propulsion Conference, Toulouse, France",,,,,https://electricrocket.org/IEPC_2024/603.pdf,ArianeGroup GmbH,Germany
Qiming Wang,Fabrication and Characterization of a Fully-Insulated Electrospray Thruster,2024,"38th International Electric Propulsion Conference, Toulouse, France",,,,,https://electricrocket.org/IEPC_2024/605.pdf,Huazhong University of Science and Technology,China
Kazuhiro Toyoda,Discharge Frequency Improvement of Vacuum Arc Thruster with Plasma Interaction Ignition,2024,"38th International Electric Propulsion Conference, Toulouse, France",,,,,https://electricrocket.org/IEPC_2024/606.pdf,Kyushu Institute of Technology,Japan
Alexander Behnke,Investigation of the current densities and the acceleration mechanisms in the plume of the AF-MPD thruster SX3,2024,"38th International Electric Propulsion Conference, Toulouse, France",,,,,https://electricrocket.org/IEPC_2024/607.pdf,University of Stuttgart,Germany
Ng Zhi Kai,Performance Evaluation of Field Emission Neutralizer Assembled from CVD synthesized VACNTs,2024,"38th International Electric Propulsion Conference, Toulouse, France",,,,,https://electricrocket.org/IEPC_2024/608.pdf,Nanyang Technological University,Singapore
Scherezade Barquero,Cross-sectional characterization of the exhaust of a Pulsed Plasma Thruster,2024,"38th International Electric Propulsion Conference, Toulouse, France",,,,,https://electricrocket.org/IEPC_2024/610.pdf,Universidad Carlos III de Madrid,Spain
Mohammed Asif,System Stability Preparations for Wear-Testing of the Western Miniature ECR Gridded Ion Thruster,2024,"38th International Electric Propulsion Conference, Toulouse, France",,,,,https://electricrocket.org/IEPC_2024/612.pdf,Western Michigan University,United States of America
Kevin D. Sampson,Exploring Collision-Induced Fragmentation in Porous Electrospray Thrusters,2024,"38th International Electric Propulsion Conference, Toulouse, France",,,,,https://electricrocket.org/IEPC_2024/613.pdf,University of Southern California,United States of America
Rodrigo A. Miranda,Analysis of plasma oscillations in a Hall thruster using information theory,2024,"38th International Electric Propulsion Conference, Toulouse, France",,,,,https://electricrocket.org/IEPC_2024/614.pdf,University of Brasilia,Brazil
Hongyu Jia,Ultra-low Liquid Flow Meter for Electric Propulsion Systems,2024,"38th International Electric Propulsion Conference, Toulouse, France",,,,,https://electricrocket.org/IEPC_2024/615.pdf,Huazhong University of Science and Technology,China
O. Neunzig,"Thrust Performance of Electrospray Thrusters with Different Ionic Liquids, Temperatures and Polarities",2024,"38th International Electric Propulsion Conference, Toulouse, France",,,,,https://electricrocket.org/IEPC_2024/616.pdf,Technische Universität Dresden,Germany
Rodrigo A. Miranda,The helicon plasma thruster at the University of Brasilia: Experimental results and numerical simulations,2024,"38th International Electric Propulsion Conference, Toulouse, France",,,,,https://electricrocket.org/IEPC_2024/617.pdf,University of Brasilia,Brazil
Ninad Joshi,2.xD Simulation of Radio-frequency Ion Thruster (RIT-2.5),2024,"38th International Electric Propulsion Conference, Toulouse, France",,,,,https://electricrocket.org/IEPC_2024/618.pdf,University of Giessen,Germany
Ajay Krishnan,Impedance Analysis of the Hall Thruster Discharge Circuit and Plasma Load to Address Harness Facility Effects,2024,"38th International Electric Propulsion Conference, Toulouse, France",,,,,https://electricrocket.org/IEPC_2024/619.pdf,Georgia Institute of Technology,United States of America
Paolo Gessini,Electric Propulsion in Brazil: Recent Developments and Current Activities,2024,"38th International Electric Propulsion Conference, Toulouse, France",,,,,https://electricrocket.org/IEPC_2024/620.pdf,University of Brasília (UnB),Brazil
Emmanuelle Rosati Azevedo,Joint Development of a Water Electrolysis Propelled Hall Effect Thruster and LaB6 Hollow Cathode,2024,"38th International Electric Propulsion Conference, Toulouse, France",,,,,https://electricrocket.org/IEPC_2024/623.pdf,URA Thrusters Ltd.,United Kingdom
Jaehong Park,From Data to Thrust: A Deep Learning Approach to Hall Thruster Performance Prediction,2024,"38th International Electric Propulsion Conference, Toulouse, France",,,,,https://electricrocket.org/IEPC_2024/624.pdf,Korea Advanced Institute of Science and Technology (KAIST),Republic of Korea
Landon D. Bevier,Experimental Study of Low-Field Helicon Mode Transition,2024,"38th International Electric Propulsion Conference, Toulouse, France",,,,,https://electricrocket.org/IEPC_2024/625.pdf,University of Washington,United States of America
Adler G. Smith,Geometric and Operating Parameter Modeling of Electrospray Arrays via Multiphysics Simulation,2024,"38th International Electric Propulsion Conference, Toulouse, France",,,,,https://electricrocket.org/IEPC_2024/626.pdf,Cornell University,United States of America
Elena Zorzoli Rossi,Lifetime testing challenges of a complete iodine-based electric propulsion system,2024,"38th International Electric Propulsion Conference, Toulouse, France",,,,,https://electricrocket.org/IEPC_2024/627.pdf,ThrustMe,France
Jordan H. Hsieh,Modeling and Prediction of Hollow Cathode Discharge Voltage Using Kriging Interpolation,2024,"38th International Electric Propulsion Conference, Toulouse, France",,,,,https://electricrocket.org/IEPC_2024/629.pdf,National Cheng Kung University,Taiwan
Jaehong Park,Numerical Simulation of Xenon-Krypton Mixture Discharges in Hall Thruster Plasmas,2024,"38th International Electric Propulsion Conference, Toulouse, France",,,,,https://electricrocket.org/IEPC_2024/630.pdf,Korea Advanced Institute of Science and Technology (KAIST),Republic of Korea
Adler G. Smith,Efficient Direct Modeling of Particle Collisions within Large Time Step Plume Simulations,2024,"38th International Electric Propulsion Conference, Toulouse, France",,,,,https://electricrocket.org/IEPC_2024/631.pdf,Cornell University,United States of America
Junichiro Aoyagi,Series Development of Coaxial Pulsed Plasma Thruster from 1 J to 8 J,2024,"38th International Electric Propulsion Conference, Toulouse, France",,,,,https://electricrocket.org/IEPC_2024/633.pdf,The University of Yamanashi,Japan
Emmanuelle Rosati Azevedo,Early Performance Characterization of a 2 kW Water Propelled Hall Effect Thruster,2024,"38th International Electric Propulsion Conference, Toulouse, France",,,,,https://electricrocket.org/IEPC_2024/634.pdf,Imperial College London,United Kingdom
Chiho Saka,Ablative Propellant Direct Supply in a Hall Thruster Discharge Channel,2024,"38th International Electric Propulsion Conference, Toulouse, France",,,,,https://electricrocket.org/IEPC_2024/635.pdf,Shibaura Institute of Technology,Japan
Felix Schäfer,Flight of the pulsed plasma thruster PETRUS 1J on the CubeSat SONATE-2,2024,"38th International Electric Propulsion Conference, Toulouse, France",,,,,https://electricrocket.org/IEPC_2024/637.pdf,University of Stuttgart,Germany
Sheng-Wen Liu,The Impact of Different Capacitor Values on the Velocity and Thrust Performance of Coaxial Pulsed Plasma Plume,2024,"38th International Electric Propulsion Conference, Toulouse, France",,,,,https://electricrocket.org/IEPC_2024/638.pdf,National Cheng Kung University,Taiwan
Shu-Xun Chang,The Effect of Tip Electrodes on Vacuum Cathode-Induced Pulsed Plasma Thrusters: An Investigation,2024,"38th International Electric Propulsion Conference, Toulouse, France",,,,,https://electricrocket.org/IEPC_2024/639.pdf,National Cheng Kung University,Taiwan
Borja Bayon-Bujan,Data-driven analysis of a 2D-E × B kinetic simulation relevant to Hall thruster discharges,2024,"38th International Electric Propulsion Conference, Toulouse, France",,,,,https://electricrocket.org/IEPC_2024/640.pdf,Universidad Carlos III de Madrid,Spain
P. Kirch,PPS Chain Coupling Test for MSR-ERO,2024,"38th International Electric Propulsion Conference, Toulouse, France",,,,,https://electricrocket.org/IEPC_2024/641.pdf,AIRBUS Defence and Space SAS,France
J.-P. Wulfkühler,A Heaterless C12A7 Electride-based Hollow Cathode Electron Emitter System for MicroSats,2024,"38th International Electric Propulsion Conference, Toulouse, France",,,,,https://electricrocket.org/IEPC_2024/642.pdf,TUD Dresden University of Technology,Germany
Takeshi Ezaki,Evaluation of a micropropulsion system using interactions of ultraviolet light-emitting diodes and polymer materials,2024,"38th International Electric Propulsion Conference, Toulouse, France",,,,,https://electricrocket.org/IEPC_2024/644.pdf,Tokai University,Japan
Shizuku Hiroe,Effects of geometry of hollow anode for small-size very low-power hall thruster,2024,"38th International Electric Propulsion Conference, Toulouse, France",,,,,https://electricrocket.org/IEPC_2024/646.pdf,Tokai University,Japan
Giada Brandi,Numerical study of the interaction between a plasma beam and a thrust probe,2024,"38th International Electric Propulsion Conference, Toulouse, France",,,,,https://electricrocket.org/IEPC_2024/649.pdf,Université Paris-Saclay,France
E. Berka,Long-Life & Propellant Efficient Hollow Cathode Based on C12A7 Electride,2024,"38th International Electric Propulsion Conference, Toulouse, France",,,,,https://electricrocket.org/IEPC_2024/650.pdf,TUD Dresden University of Technology,Germany
Rodrigo A. Miranda,Computational Simulation of Neutral Gas Dynamics in the CubeSat Ambipolar Thruster,2024,"38th International Electric Propulsion Conference, Toulouse, France",,,,,https://electricrocket.org/IEPC_2024/651.pdf,University of Brasilia,Brazil
Ryo Niimura,Coaxial Short-pulse Laser-assisted Pulsed Plasma Thruster Characterization,2024,"38th International Electric Propulsion Conference, Toulouse, France",,,,,https://electricrocket.org/IEPC_2024/652.pdf,Tokai University,Japan
Yufeng Cheng,Microscopic dynamics mechanism of ion transportation in the external wetted electrospray,2024,"38th International Electric Propulsion Conference, Toulouse, France",,,,,https://electricrocket.org/IEPC_2024/653.pdf,Beihang University,China
Baojun Wang,The Influence of Magnetic Field Shape on Energy Conversion Rate of Magnetoplasmadynamic Thrusters,2024,"38th International Electric Propulsion Conference, Toulouse, France",,,,,https://electricrocket.org/IEPC_2024/654.pdf,Beijing Institute of Control Engineering,China
P. Kirch,Plasma Propulsion Subsystem Development for MSR-ERO,2024,"38th International Electric Propulsion Conference, Toulouse, France",,,,,https://electricrocket.org/IEPC_2024/655.pdf,AIRBUS Defence and Space SAS,France
Tianyi Hu,Study on Circumferential Discharge Uniformity of a Coaxial Pulsed Plasma Thruster,2024,"38th International Electric Propulsion Conference, Toulouse, France",,,,,https://electricrocket.org/IEPC_2024/656.pdf,Beijing Institute of Technology,China
Dominique Nicolas,Power Processing Unit Development for MSR-ERO,2024,"38th International Electric Propulsion Conference, Toulouse, France",,,,,https://electricrocket.org/IEPC_2024/658.pdf,AIRBUS Defence and Space SAS,France
D. Iannarelli,Full Helicon thruster modeling,2024,"38th International Electric Propulsion Conference, Toulouse, France",,,,,https://electricrocket.org/IEPC_2024/659.pdf,University “Sapienza”,Italy
P. Kirch,RIT-2X Electrical Characterization Test for MSR-ERO,2024,"38th International Electric Propulsion Conference, Toulouse, France",,,,,https://electricrocket.org/IEPC_2024/661.pdf,AIRBUS Defence and Space SAS,France
Raul Zimmerman,Development of the R-800 Hall Thruster Unit,2024,"38th International Electric Propulsion Conference, Toulouse, France",,,,,https://electricrocket.org/IEPC_2024/662.pdf,Advanced Defense Systems Ltd,Israel
J. Hildebrandt,UNTITLED,2024,"38th International Electric Propulsion Conference, Toulouse, France",,,,,https://electricrocket.org/IEPC_2024/663.pdf,University of Stuttgart,Germany
Giuliana C. Hofheins,Electrospray Secondary Ion Mass Spectrometry Diagnostic – Design and Preliminary Results,2024,"38th International Electric Propulsion Conference, Toulouse, France",,,,,https://electricrocket.org/IEPC_2024/666.pdf,Cornell University,United States of America
J. Torres,"New developments, technologies and status for high power Gridded Ion Thrusters Power Processing Units",2024,"38th International Electric Propulsion Conference, Toulouse, France",,,,,https://electricrocket.org/IEPC_2024/667.pdf,Airbus Crisa,Spain
C. Del Vecchio Blanco,Thruster Pointing & Pressure Regulation Electronics Development for MSR-ERO,2024,"38th International Electric Propulsion Conference, Toulouse, France",,,,,https://electricrocket.org/IEPC_2024/668.pdf,KAYSER ITALIA,Italy
Natalia Nigay,Design of a Water Vaporizer for Beamed-Microwave-Energy Propulsion,2024,"38th International Electric Propulsion Conference, Toulouse, France",,,,,https://electricrocket.org/IEPC_2024/669.pdf,The Pennsylvania State University,United States of America
Daniel Katz Franco,Life Test of the R-200 Low Power Hall Thruster with Krypton,2024,"38th International Electric Propulsion Conference, Toulouse, France",,,,,https://electricrocket.org/IEPC_2024/670.pdf,Rafael ADS Ltd.,Israel
S. Scaranzin,RIT-2X EGSE Development and Validation for MSR-ERO,2024,"38th International Electric Propulsion Conference, Toulouse, France",,,,,https://electricrocket.org/IEPC_2024/671.pdf,AEROSPAZIO Tecnologie Srl,Italy
P. Kirch,XPRU and XFCU Coupling Test for MSR-ERO,2024,"38th International Electric Propulsion Conference, Toulouse, France",,,,,https://electricrocket.org/IEPC_2024/672.pdf,AIRBUS Defence and Space SAS,France
E. Bonelli,RIT-2X Plume and Thrust Characterization,2024,"38th International Electric Propulsion Conference, Toulouse, France",,,,,https://electricrocket.org/IEPC_2024/675.pdf,AEROSPAZIO Tecnologie Srl,Italy
Yizhuo Liu,Research on the Design of Multi-Stage Coupled Xenon Micro-Flow Control for Electric Propulsion System,2024,"38th International Electric Propulsion Conference, Toulouse, France",,,,,https://electricrocket.org/IEPC_2024/676.pdf,Beijing Institute of Control Engineering,China
D. Ganteil,"TPPRE, XPRU and RA Coupling Test for MSR-ERO",2024,"38th International Electric Propulsion Conference, Toulouse, France",,,,,https://electricrocket.org/IEPC_2024/677.pdf,AIRBUS Defence and Space SAS,France
S. Scaranzin,RIT-2X Thermal Balance Test,2024,"38th International Electric Propulsion Conference, Toulouse, France",,,,,https://electricrocket.org/IEPC_2024/678.pdf,AEROSPAZIO Tecnologie Srl,Italy
Zongliang Li,Design and Validation of Wide-Range Multi-Working-Point EPS for Deep Space Exploration Mission,2024,"38th International Electric Propulsion Conference, Toulouse, France",,,,,https://electricrocket.org/IEPC_2024/679.pdf,Beijing Institute of Control Engineering,China
Dan Lev,R-200 Thrust Vector Control – Proof of Concept,2024,"38th International Electric Propulsion Conference, Toulouse, France",,,,,https://electricrocket.org/IEPC_2024/680.pdf,Georgia Institute of Technology,United States of America
Mian Wang,Numerical and Experimental Investigations of a Valve Sealing Structure Used in Xenon Supply Systems,2024,"38th International Electric Propulsion Conference, Toulouse, France",,,,,https://electricrocket.org/IEPC_2024/681.pdf,Beijing Institute of Control Engineering,China
Zhong Li,Analysis and experimental research on the impact of BangBang valve switch on the flow rate of the storage and supply system,2024,"38th International Electric Propulsion Conference, Toulouse, France",,,,,https://electricrocket.org/IEPC_2024/682.pdf,Beijing Institute of Control Engineering,China
Tanguy Krzymuski,PPS®X00 Xenon-Krypton Propellant Flexibility,2024,"38th International Electric Propulsion Conference, Toulouse, France",,,,,https://electricrocket.org/IEPC_2024/684.pdf,Safran Spacecraft Propulsion,France
A. Alvarez Laguna,Self-consistent collisional closures for high-order fluid moment models with the electron inertial terms,2024,"38th International Electric Propulsion Conference, Toulouse, France",,,,,https://electricrocket.org/IEPC_2024/685.pdf,Institut polytechnique de Paris,France
N. Lequette,PIC fluid hybrid simulation of a discharge for electric propulsion,2024,"38th International Electric Propulsion Conference, Toulouse, France",,,,,https://electricrocket.org/IEPC_2024/686.pdf,Sorbonne Universite,France
Zhong Li,Design and experimental verification of a wide range and high-precision storage and supply control system,2024,"38th International Electric Propulsion Conference, Toulouse, France",,,,,https://electricrocket.org/IEPC_2024/687.pdf,Beijing Institute of Control Engineering,China
Daniel Katz Franco,On-Orbit Mission Overview of the Low Power Hall Thruster Propulsion System aboard Venμs Satellite,2024,"38th International Electric Propulsion Conference, Toulouse, France",,,,,https://electricrocket.org/IEPC_2024/688.pdf,Rafael ADS Ltd.,Israel
B. Laurent,Development of a thermal casing for various hollow cathode insert,2024,"38th International Electric Propulsion Conference, Toulouse, France",,,,,https://electricrocket.org/IEPC_2024/690.pdf,Safran Spacecraft Propulsion,France
Martin Eizinger,Digital Faraday Cup Array for High Frequency Plasma Diagnostics,2024,"38th International Electric Propulsion Conference, Toulouse, France",,,,,https://electricrocket.org/IEPC_2024/691.pdf,FOTEC Forschungs-und Technologietransfer GmbH,Austria
Pierre Amadio,Influence of multiply charged species in PIC-MCC simulations for Hall Thrusters,2024,"38th International Electric Propulsion Conference, Toulouse, France",,,,,https://electricrocket.org/IEPC_2024/693.pdf,Institut Polytechnique de Paris,France
Fenglin Ding,On-orbit Management and Performance Evaluation Methods for Ion Electric Propulsion System,2024,"38th International Electric Propulsion Conference, Toulouse, France",,,,,https://electricrocket.org/IEPC_2024/694.pdf,Beijing Institute of Control Engineering,China
Shekhar K. Panuganti,Life Estimation of a Low Power Hall Thruster using a parallel 2D hydrodynamic plasma model,2024,"38th International Electric Propulsion Conference, Toulouse, France",,,,,https://electricrocket.org/IEPC_2024/695.pdf,Indian Space Research Organisation,India
Margaret M. Mooney,Analysis of Stability Regime for Hollow Cathode on Noble Gas Propellants,2024,"38th International Electric Propulsion Conference, Toulouse, France",,,,,https://electricrocket.org/IEPC_2024/696.pdf,Western Michigan University,United States of America
Zongliang Li,Design and integration test of high-reliability Hall electric propulsion system for communication satellites,2024,"38th International Electric Propulsion Conference, Toulouse, France",,,,,https://electricrocket.org/IEPC_2024/697.pdf,Beijing Institute of Control Engineering,China
Vara Prasad K,Large Vacuum Test Facility for Electric Propulsion Thruster Testing,2024,"38th International Electric Propulsion Conference, Toulouse, France",,,,,https://electricrocket.org/IEPC_2024/698.pdf,Liquid Propulsion Systems Centre,India
Guillermo Cuerva-Lazaro,Towards self-consistent simulation of radial effects on an axial PIC model of the Hall discharge,2024,"38th International Electric Propulsion Conference, Toulouse, France",,,,,https://electricrocket.org/IEPC_2024/699.pdf,Universidad Carlos III de Madrid,Spain
Vara Prasad K,Advanced Plasma Diagnostics System with 3D profiling to characterize the plume of Electric Propulsion thrusters,2024,"38th International Electric Propulsion Conference, Toulouse, France",,,,,https://electricrocket.org/IEPC_2024/700.pdf,Liquid Propulsion Systems Centre,India
Lucio Torre,HT100 Propulsion System In-Flight Performance,2024,"38th International Electric Propulsion Conference, Toulouse, France",,,,,https://electricrocket.org/IEPC_2024/701.pdf,SITAEL S.p.A.,Italy
Kangwu Zhu,The Design and On-orbit Test Results of M2 Microwave Ion Propulsion Systems,2024,"38th International Electric Propulsion Conference, Toulouse, France",,,,,https://electricrocket.org/IEPC_2024/703.pdf,Shanghai Aerospace Control Technology Institute,China
Guru Sankar Duppada,Characterization of Side Feeding Mechanism for Micro Cathode Arc Thruster,2024,"38th International Electric Propulsion Conference, Toulouse, France",,,,,https://electricrocket.org/IEPC_2024/704.pdf,George Washington University,United States of America
Abu Taqui Md Tahsin,Numerical Study of Collision Induced Disassociation (CID) of Ionic Liquid Ions,2024,"38th International Electric Propulsion Conference, Toulouse, France",,,,,https://electricrocket.org/IEPC_2024/705.pdf,Cornell University,United States of America
Won Gyo Seo,Performance Test of Systemised Field Emission Electric Propulsion Unit Using Gallium as Propellant,2024,"38th International Electric Propulsion Conference, Toulouse, France",,,,,https://electricrocket.org/IEPC_2024/706.pdf,"Soletop Co., Ltd.",Republic of Korea
Morishita Talato,Plasma Parameter Measurements of Microwave Discharge Cathode by Optical Diagnostics,2024,"38th International Electric Propulsion Conference, Toulouse, France",,,,,https://electricrocket.org/IEPC_2024/708.pdf,Japan Aerospace Exploration Agency,Japan
Takanobu Muranaka,Effects of Electrical Condition of Ion Beam Target on Energy Distribution of Backflow Ions in Gridded Ion Thruster Operation,2024,"38th International Electric Propulsion Conference, Toulouse, France",,,,,https://electricrocket.org/IEPC_2024/709.pdf,Chukyo University,Japan
Kentaro Hara,Data assimilation techniques for plasma dynamics and chemistry for electric propulsion systems,2024,"38th International Electric Propulsion Conference, Toulouse, France",,,,,https://electricrocket.org/IEPC_2024/710.pdf,Stanford University,United States of America
Kentaro Hara,Model Based Extrapolation of Hall Thruster Electrical Impedance between Test Facilities,2024,"38th International Electric Propulsion Conference, Toulouse, France",,,,,https://electricrocket.org/IEPC_2024/711.pdf,Stanford University,United States of America
Jordan H. Hsieh,Evaluating the Impact of Keeper Geometry on Diode Mode Discharge Characteristics of a Heaterless Hollow Cathode,2024,"38th International Electric Propulsion Conference, Toulouse, France",,,,,https://electricrocket.org/IEPC_2024/712.pdf,National Cheng Kung University,Taiwan
Luca Chiabo,Numerical Analysis of CEX-induced Erosion on Solar Arrays Interconnects,2024,"38th International Electric Propulsion Conference, Toulouse, France",,,,,https://electricrocket.org/IEPC_2024/715.pdf,Onera - The French Aerospace Lab,France
Renaud Ferrand,Impedance measurement of a 200-W ECR Thruster,2024,"38th International Electric Propulsion Conference, Toulouse, France",,,,,https://electricrocket.org/IEPC_2024/716.pdf,Université Paris Saclay,France
Celian Boye,Determining ion velocity in the interconnected plume of a cluster of two ECRTs using 2D LIF,2024,"38th International Electric Propulsion Conference, Toulouse, France",,,,,https://electricrocket.org/IEPC_2024/717.pdf,Universidad Carlos III de Madrid,Spain
Matthew E. Duchek,Nuclear Electric Propulsion for Outer Planet Science Missions,2024,"38th International Electric Propulsion Conference, Toulouse, France",,,,,https://electricrocket.org/IEPC_2024/721.pdf,"Analytical Mechanics Associates, Inc.",United States of America
A. Guglielmi,Hemispherical plasma measurements and comparative methods for 100W class Hall thruster’s cluster,2024,"38th International Electric Propulsion Conference, Toulouse, France",,,,,https://electricrocket.org/IEPC_2024/722.pdf,Exotrail,France
Margaret Mooney,Effect of Induced Hall Thruster Discharge Current Oscillations on External Cathode Plume Ion Population,2024,"38th International Electric Propulsion Conference, Toulouse, France",,,,,https://electricrocket.org/IEPC_2024/724.pdf,Western Michigan University,United States of America
C. Collingwood,Comparison of the DYNASIM and CEX2D grid erosion simulation codes in the frame of grid lifetime modeling of the RIT-2X thruster for the Mars Sample Return – Earth Return Orbiter,2024,"38th International Electric Propulsion Conference, Toulouse, France",,,,,https://electricrocket.org/IEPC_2024/725.pdf,European Space Agency,The Netherlands
Alena Kitaeva,SITAEL HT5k and HT20k Propulsion Systems Readiness,2024,"38th International Electric Propulsion Conference, Toulouse, France",,,,,https://electricrocket.org/IEPC_2024/726.pdf,SITAEL S.p.A.,Italy
Luca Leporini,Numerical analysis of Hall thruster stability and its relationship with the magnetic field strength,2024,"38th International Electric Propulsion Conference, Toulouse, France",,,,,https://electricrocket.org/IEPC_2024/727.pdf,Universita di Pisa,Italy
Collin B. Whittaker,Characterization of a High Power Electrospray Array Thruster,2024,"38th International Electric Propulsion Conference, Toulouse, France",,,,,https://electricrocket.org/IEPC_2024/730.pdf,University of Michigan,United States of America
Youngho Kim,Electron Temperature Diagnostics Based on Xenon Collisional Radiative Model for Cylindrical Hall Thruster Plasmas,2024,"38th International Electric Propulsion Conference, Toulouse, France",,,,,https://electricrocket.org/IEPC_2024/731.pdf,Korea Advanced Institute of Science and Technology,Republic of Korea
Christophe R. Koppel,A Resistojet Concept,2024,"38th International Electric Propulsion Conference, Toulouse, France",,,,,https://electricrocket.org/IEPC_2024/734.pdf,KopooS Consulting ind.,France
Stefan Bell,Experimental Study of Collision-Induced Dissociation for EMI-Im and EMI-BF4,2024,"38th International Electric Propulsion Conference, Toulouse, France",,,,,https://electricrocket.org/IEPC_2024/735.pdf,Cornell University,United States of America
Alexandre Briges,"Validation of Propulsion Sub-system: TMA 5000, PPU Elektro, and XFC PPS®5000",2024,"38th International Electric Propulsion Conference, Toulouse, France",,,,,https://electricrocket.org/IEPC_2024/736.pdf,Safran Spacecraft Propulsion,France
Borja De Saavedra,"Comparison of direct and indirect performance measurements of an externally wetted, passively fed electrospray thruster",2024,"38th International Electric Propulsion Conference, Toulouse, France",,,,,https://electricrocket.org/IEPC_2024/737.pdf,IENAI SPACE,Spain
Y. Dancheva,Laser-induced fluorescence spectroscopy for Kr thrusters,2024,"38th International Electric Propulsion Conference, Toulouse, France",,,,,https://electricrocket.org/IEPC_2024/739.pdf,Aerospazio tecnologie S.r.l.,Italy
Amin Taziny,Coupled Electrohydrodynamic and Particle-In-Cell Modeling of Ionic Emission in Electrospray Thrusters,2024,"38th International Electric Propulsion Conference, Toulouse, France",,,,,https://electricrocket.org/IEPC_2024/740.pdf,University of Colorado,United States of America
L. Masi,Real-time Plasma Diagnostic Tool for the investigation of Azimuthal Rotating Instabilities in Hall Effect Thrusters,2024,"38th International Electric Propulsion Conference, Toulouse, France",,,,,https://electricrocket.org/IEPC_2024/741.pdf,Aerospazio Tecnologie,Italy
Pierre Sarrailh,Numerical simulation of on-ground chamber effects on plasma plume experiments,2024,"38th International Electric Propulsion Conference, Toulouse, France",,,,,https://electricrocket.org/IEPC_2024/742.pdf,ONERA/DPHY,France
Suhail Chamieh,Additive Manufacturing and Characterization of Porous Glass Electrospray Emitters,2024,"38th International Electric Propulsion Conference, Toulouse, France",,,,,https://electricrocket.org/IEPC_2024/744.pdf,Cornell University,United States of America
Michael Winter,From the 100 kW SX-3 AF-MPD to the 5 kW SUPREME Thruster,2024,"38th International Electric Propulsion Conference, Toulouse, France",,,,,https://electricrocket.org/IEPC_2024/745.pdf,Neutron Star Systems GmbH (NSS),Germany
Paul Janu,Development of an Advanced 2-Axis Electrical Propulsion Pointing Mechanism,2024,"38th International Electric Propulsion Conference, Toulouse, France",,,,,https://electricrocket.org/IEPC_2024/746.pdf,Beyond Gravity Austria GmbH,Austria
Tatiana Perrotin,Direct thrust measurements of a 200 W Cylindrical Hall Thruster,2024,"38th International Electric Propulsion Conference, Toulouse, France",,,,,https://electricrocket.org/IEPC_2024/747.pdf,Universidad Carlos III de Madrid,Spain
W. Villafana,Algorithms and High-Performance Computing for Kinetic Electric Propulsion Simulations,2024,"38th International Electric Propulsion Conference, Toulouse, France",,,,,https://electricrocket.org/IEPC_2024/748.pdf,Princeton Plasma Physics Laboratory,United States of America
Pietro Broggi,Development of a Flow Management System for Very High Flow-Rates,2024,"38th International Electric Propulsion Conference, Toulouse, France",,,,,https://electricrocket.org/IEPC_2024/751.pdf,AST Advanced Space Technologies GmbH,Germany
Catherine J. Nachtigal,Preliminary Testing of Flat-panel Pixel Electrospray Thrusters for Increased Reliability and Efficiency,2024,"38th International Electric Propulsion Conference, Toulouse, France",,,,,https://electricrocket.org/IEPC_2024/752.pdf,Massachusetts Institute of Technology,United States of America
Carl J. Geiger,Secondary Species Investigation of Low Energy Electrospray Plume Impacts,2024,"38th International Electric Propulsion Conference, Toulouse, France",,,,,https://electricrocket.org/IEPC_2024/753.pdf,Cornell University,United States of America
Shehan M. Parmar,Multimode Propellant Discovery: A Computational High-throughput Screening Paradigm,2024,"38th International Electric Propulsion Conference, Toulouse, France",,,,,https://electricrocket.org/IEPC_2024/756.pdf,Georgia Institute of Technology,United States of America
Antonio Piragino,Development and Qualification Status of the Safran EPS-X00 Low Power Propulsion System,2024,"38th International Electric Propulsion Conference, Toulouse, France",,,,,https://electricrocket.org/IEPC_2024/757.pdf,Safran Spacecraft Propulsion,France
Christopher M. Cretel,Ion thruster grid life and performance assessment via reduced order modeling,2024,"38th International Electric Propulsion Conference, Toulouse, France",,,,,https://electricrocket.org/IEPC_2024/758.pdf,Oregon State University,United States of America
Tate M. Gill,Titanium Sublimation Pumping Considerations for High-Power Electric Propulsion Testing,2024,"38th International Electric Propulsion Conference, Toulouse, France",,,,,https://electricrocket.org/IEPC_2024/760.pdf,University of Michigan,United States of America
Grace Zoppi,Efficiency Mode Analysis of a Continuous Wave Rotating Magnetic Field Thruster Informed by a Validated Fluid Model,2024,"38th International Electric Propulsion Conference, Toulouse, France",,,,,https://electricrocket.org/IEPC_2024/761.pdf,University of Michigan,United States of America
Wei-Cheng Lien,Impulse evaluation of vacuum arc ignitor pulsed plasma thruster,2024,"38th International Electric Propulsion Conference, Toulouse, France",,,,,https://electricrocket.org/IEPC_2024/763.pdf,National Cheng Kung University,Taiwan
Daniel E. Troyetsky,Development of a two-dimensional axial-radial full-fluid moment Hall effect thruster model,2024,"38th International Electric Propulsion Conference, Toulouse, France",,,,,https://electricrocket.org/IEPC_2024/765.pdf,Stanford University,United States of America
William J. Hurley,Mass Utilization Scaling with Propellant Type on a Magnetically Shielded Hall Thruster,2024,"38th International Electric Propulsion Conference, Toulouse, France",,,,,https://electricrocket.org/IEPC_2024/766.pdf,University of Michigan,United States of America
Giulia Becatti,Investigation of plasma instabilities in the plume of high current hollow cathodes and their relation to the cathode life,2024,"38th International Electric Propulsion Conference, Toulouse, France",,,,,https://electricrocket.org/IEPC_2024/767.pdf,University of Stuttgart,Germany
Daniel E. Troyetsky,Automated calibration of the anomalous electron scattering frequency profile in one-dimensional Hall effect thruster simulations,2024,"38th International Electric Propulsion Conference, Toulouse, France",,,,,https://electricrocket.org/IEPC_2024/768.pdf,Stanford University,United States of America
V. De Riso,Particle-In-Cell Simulation of Heavy Species in Air Breathing Hall Effect Thruster,2024,"38th International Electric Propulsion Conference, Toulouse, France",,,,,https://electricrocket.org/IEPC_2024/769.pdf,University of Naples “Federico II”,Italy
Tyler J. Topham,Facility Effects on Gridded Ion Engine Operation,2024,"38th International Electric Propulsion Conference, Toulouse, France",,,,,https://electricrocket.org/IEPC_2024/771.pdf,University of Michigan,United States of America
Andres Rabunal-Gayo,Status review of air breathing electric propulsion experimental research at UC3M,2024,"38th International Electric Propulsion Conference, Toulouse, France",,,,,https://electricrocket.org/IEPC_2024/773.pdf,Universidad Carlos III de Madrid,Spain
Cody Myers,PIC-DSMC Simulation of a Neutralizing Gas Cell for ABEP Vacuum Chamber Testing,2024,"38th International Electric Propulsion Conference, Toulouse, France",,,,,https://electricrocket.org/IEPC_2024/774.pdf,University of Illinois Urbana-Champaign,United States of America
Shigeru Yokota,Applied-Field Magnetoplasmadynamic Thruster with “Virtual Cathode”,2024,"38th International Electric Propulsion Conference, Toulouse, France",,,,,https://electricrocket.org/IEPC_2024/776.pdf,University of Tsukuba,Japan
Alexey Lazurenko,Qualification Testing of a 700W-class HEMP Thruster EV0,2024,"38th International Electric Propulsion Conference, Toulouse, France",,,,,https://electricrocket.org/IEPC_2024/777.pdf,Thales Deutschland GmbH,Germany
Anna J. Sheppard,Temperature Degradation of Magnesium Oxide Cathode Heaters,2024,"38th International Electric Propulsion Conference, Toulouse, France",,,,,https://electricrocket.org/IEPC_2024/780.pdf,Technology Service Corporation,United States of America
John Auerbach,Investigating Beam Divergence and Characteristics in a Helical Electrode Inertial Electrostatic Confinement Thruster,2024,"38th International Electric Propulsion Conference, Toulouse, France",,,,,https://electricrocket.org/IEPC_2024/781.pdf,The Pennsylvania State University,United States of America
Amelia R. Bruno,Temperature-Dependent Performance of Electrospray Thrusters with ASCENT Monopropellant,2024,"38th International Electric Propulsion Conference, Toulouse, France",,,,,https://electricrocket.org/IEPC_2024/782.pdf,Massachusetts Institute of Technology,United States of America
Alexey Lazurenko,EMC Test of a 700W-class HEMP thruster EV0,2024,"38th International Electric Propulsion Conference, Toulouse, France",,,,,https://electricrocket.org/IEPC_2024/783.pdf,Thales Deutschland GmbH,Germany
Tore Brinck,Molecular Propellants with Optimized Properties for Space Propulsion,2024,"38th International Electric Propulsion Conference, Toulouse, France",,,,,https://electricrocket.org/IEPC_2024/786.pdf,KTH Royal Institute of Technology,Sweden
Xiaobo Huang,Thrust Model Analysis of Oscillating Cone-Jet Mode For Colloid Thrusters,2024,"38th International Electric Propulsion Conference, Toulouse, France",,,,,https://electricrocket.org/IEPC_2024/787.pdf,Huazhong University of Science and Technology,China
Carla Guidi,Iodine Hollow Cathode Development for Electric Propulsion,2024,"38th International Electric Propulsion Conference, Toulouse, France",,,,,https://electricrocket.org/IEPC_2024/788.pdf,University of Pisa,Italy
Guido Giammarinaro,Fused Filament Fabrication of Alumina Components for Hall Thrusters,2024,"38th International Electric Propulsion Conference, Toulouse, France",,,,,https://electricrocket.org/IEPC_2024/789.pdf,University of Pisa,Italy
C. Royer,A Laser-Induced-Fluorescence study on a cluster of two 100 W Hall thrusters,2024,"38th International Electric Propulsion Conference, Toulouse, France",,,,,https://electricrocket.org/IEPC_2024/790.pdf,ICARE-CNRS,France
Federico Boni,Investigation of facility effects on the performance of an electron cyclotron resonance magnetic nozzle thruster,2024,"38th International Electric Propulsion Conference, Toulouse, France",,,,,https://electricrocket.org/IEPC_2024/792.pdf,Université Paris-Saclay,France
Takuya Koiso,"Measurements of Electron Velocity Distribution
Function around Microwave Discharge Ion Thruster by Incoherent Laser Thomson Scattering",2024,"38th International Electric Propulsion Conference, Toulouse, France",,,,,https://electricrocket.org/IEPC_2024/794.pdf,The University of Tokyo,Japan
Doruk Aksoy,Compressed Analysis of Electric Propulsion Simulations using Low Rank Tensor Networks,2024,"38th International Electric Propulsion Conference, Toulouse, France",,,,,https://electricrocket.org/IEPC_2024/795.pdf,University of Michigan,United States of America
David Mainwaring,EPsylon: an electric propulsion subsystem for the InnoSat platform,2024,"38th International Electric Propulsion Conference, Toulouse, France",,,,,https://electricrocket.org/IEPC_2024/796.pdf,OHB Sweden,Sweden
Arsenii Riazantsev,On Retrieval of Inductance and Resistance Dynamics from Experimental Waveforms of a 1 J-class PPT Discharge,2024,"38th International Electric Propulsion Conference, Toulouse, France",,,,,https://electricrocket.org/IEPC_2024/797.pdf,Institute of Plasma Physics and Laser Microfusion,Poland
Richard E. Wirz,"Electric Propulsion Research Activities in the Plasma, Energy, & Space Propulsion Laboratory",2024,"38th International Electric Propulsion Conference, Toulouse, France",,,,,https://electricrocket.org/IEPC_2024/802.pdf,University of California,United States of America
S. Masillo,A Comprehensive Study of the Halo Thruster’s Performance and Diagnostics Methodology,2024,"38th International Electric Propulsion Conference, Toulouse, France",,,,,https://electricrocket.org/IEPC_2024/803.pdf,Ecole Polytechnique Federale de Lausanne (EPFL),Switzerland
Antonio Montero Barriga,"Design, assembly and validation test of a sub-1Amp LaB6 hollow cathode",2024,"38th International Electric Propulsion Conference, Toulouse, France",,,,,https://electricrocket.org/IEPC_2024/805.pdf,Universidad Carlos III de Madrid,Spain
Vasyl Babytskyi,Optimization of Advanced Micro-Propulsion System for Small Satellites based on 2-mN Hall-Effect Thruster Technology,2024,"38th International Electric Propulsion Conference, Toulouse, France",,,,,https://electricrocket.org/IEPC_2024/806.pdf,BERLIN SPACE Consortium GmbH,Germany
J. Perez Luna,Tetra Propulsion System Status,2024,"38th International Electric Propulsion Conference, Toulouse, France",,,,,https://electricrocket.org/IEPC_2024/807.pdf,Thales Alenia Space UK,United Kingdom
Janice D. Cabrera,Pressure Facility Effects on the Impedance Characteristics of a 9-kW HET,2024,"38th International Electric Propulsion Conference, Toulouse, France",,,,,https://electricrocket.org/IEPC_2024/808.pdf,Georgia Institute of Technology,United States of America
Shaun Andrews,A Self-Consistent Drift-Dissipative Instability Model of Anomalous Transport in the Magnetic Nozzle,2024,"38th International Electric Propulsion Conference, Toulouse, France",,,,,https://electricrocket.org/IEPC_2024/810.pdf,Alma Mater Studiorum-Universita di Bologna,Italy
Matthew N. Corrado,Performance Characterization of High-Density Electrospray Thrusters,2024,"38th International Electric Propulsion Conference, Toulouse, France",,,,,https://electricrocket.org/IEPC_2024/811.pdf,Massachusetts Institute of Technology,United States of America
Ivan Gomez,Effects of magnetic nozzles on electric propulsion plume expansion in a Very Low Earth Orbit,2024,"38th International Electric Propulsion Conference, Toulouse, France",,,,,https://electricrocket.org/IEPC_2024/812.pdf,University of Bristol,United Kingdom
Francesco Guarducci,Development and Industrialization of Miniature Radiofrequency Ion Thruster (RIT3.5) and Neutralizer Technologies for Precision Control Satellite Applications,2024,"38th International Electric Propulsion Conference, Toulouse, France",,,,,https://electricrocket.org/IEPC_2024/813.pdf,Mars Space Ltd,United Kingdom
Sarah Burrows,Physics-Informed Simplified Model of a Hall Thruster,2024,"38th International Electric Propulsion Conference, Toulouse, France",,,,,https://electricrocket.org/IEPC_2024/814.pdf,University of Florida,United States of America
Tyler J. Topham,Modifying Plasma Bridge Conductivity in Gridded Ion Engines,2024,"38th International Electric Propulsion Conference, Toulouse, France",,,,,https://electricrocket.org/IEPC_2024/815.pdf,University of Michigan,United States of America
Seth J. Thompson,Time-Resolved Ion Measurement in the Beam Plasma of a Hall Thruster,2024,"38th International Electric Propulsion Conference, Toulouse, France",,,,,https://electricrocket.org/IEPC_2024/818.pdf,Colorado State University,United States of America
Felicien Filleul,Planar resonant antenna for compact magnetic nozzle plasma thruster,2024,"38th International Electric Propulsion Conference, Toulouse, France",,,,,https://electricrocket.org/IEPC_2024/820.pdf,Ecole Polytechnique Federale de Lausanne,Switzerland
Madison G. Allen,Direct Measurements of the Pressure Dependence of the Electron Temperature in a Magnetically Shielded Hall Thruster,2024,"38th International Electric Propulsion Conference, Toulouse, France",,,,,https://electricrocket.org/IEPC_2024/821.pdf,University of Michigan,United States of America
Marc Galobardes-Esteban,Electrospray Propulsion Propellant Feed Subsystem Development,2024,"38th International Electric Propulsion Conference, Toulouse, France",,,,,https://electricrocket.org/IEPC_2024/823.pdf,University of California,United States of America
Fabrizio Paganucci,Electric Propulsion Activities at the University of Pisa,2024,"38th International Electric Propulsion Conference, Toulouse, France",,,,,https://electricrocket.org/IEPC_2024/824.pdf,Università di Pisa,Italy
Yitao Yang,Study on Hollow Cathode Discharge Mode with High Flow Rate,2024,"38th International Electric Propulsion Conference, Toulouse, France",,,,,https://electricrocket.org/IEPC_2024/825.pdf,Beijing Institute of Technology,China
Thomas F. Munro-O’Brien,Performance Comparison Between Modular SPT and TAL Type Hall Thrusters Operating on Krypton,2024,"38th International Electric Propulsion Conference, Toulouse, France",,,,,https://electricrocket.org/IEPC_2024/830.pdf,University of Southampton,United Kingdom
Aoma Fujimori,Electron emission property of corrosion-resistant thermionic cathode for miniature electrostatic propulsions,2024,"38th International Electric Propulsion Conference, Toulouse, France",,,,,https://electricrocket.org/IEPC_2024/832.pdf,The University of Tokyo,Japan
Junko Yamasaki,Space Transportation Cost When Using Alternative Propellant Electric Propulsion,2024,"38th International Electric Propulsion Conference, Toulouse, France",,,,,https://electricrocket.org/IEPC_2024/835.pdf,Japan Aerospace Exploration Agency,Japan
Jay Polk,Development of High Power Lithium Magnetoplasmadynamic Thrusters to Support Human Mars Exploration,2024,"38th International Electric Propulsion Conference, Toulouse, France",,,,,https://electricrocket.org/IEPC_2024/841.pdf,Jet Propulsion Laboratory,United States of America
José L. Ferreira,Hall Plasma Thruster Development for Nano and Micro-Satellites at PPL/UNB,2024,"38th International Electric Propulsion Conference, Toulouse, France",,,,,https://electricrocket.org/IEPC_2024/842.pdf,University of Brasilia,Brazil
Gwanyong Jung,Simulation of Hall Thruster Channel Wall Erosion on Magnetic Field Aligned Mesh Using Two-Dimensional Hybrid Plasma Model,2024,"38th International Electric Propulsion Conference, Toulouse, France",,,,,https://electricrocket.org/IEPC_2024/845.pdf,Korea Aerospace University,South Korea
Zilin Huang,Study of the alternative propellants in Miniature DC ion thrusters with PIC-MCC-DSMC simulations,2024,"38th International Electric Propulsion Conference, Toulouse, France",,,,,https://electricrocket.org/IEPC_2024/849.pdf,Chinese Academy of Sciences,China
Sean A. Clark,Spatially Resolved Measurements of 13C Transport in Electric Propulsion Testing,2024,"38th International Electric Propulsion Conference, Toulouse, France",,,,,https://electricrocket.org/IEPC_2024/851.pdf,University of Illinois Urbana-Champaign,United States of America
Andrew Denig,Partially Magnetized Plasma Instabilities in a Three-Dimensional Particle-in-Cell Simulation,2024,"38th International Electric Propulsion Conference, Toulouse, France",,,,,https://electricrocket.org/IEPC_2024/852.pdf,Stanford University,United States of America
Jinwei Bai,The study of azimuthal plasma oscillations for a hall thruster at the whole two-dimensional annular model,2024,"38th International Electric Propulsion Conference, Toulouse, France",,,,,https://electricrocket.org/IEPC_2024/853.pdf,Shenzhen Technology University,China
A. Ivanov,Advancing Space Propulsion: Development of a State-of-the_x0002_Art Electric Thruster Testing Facility in the United Arab Emirates,2024,"38th International Electric Propulsion Conference, Toulouse, France",,,,,https://electricrocket.org/IEPC_2024/855.pdf,Technology Innovation Institute,United Arab Emirates
A. Wahid,MHD simulation of an applied-field magnetoplasmadynamic thruster,2024,"38th International Electric Propulsion Conference, Toulouse, France",,,,,https://electricrocket.org/IEPC_2024/861.pdf,Georgia Institute of Technology,United States of America
Sedina Tsikata,Insights from combined optical diagnostics and numerical analyses of Hall thruster turbulence,2024,"38th International Electric Propulsion Conference, Toulouse, France",,,,,https://electricrocket.org/IEPC_2024/862.pdf,Georgia Institute of Technology,United States of America
K. Hecky,The IPSA-ONE Low Power Gridded Ion Thruster and Testing Facility,2024,"38th International Electric Propulsion Conference, Toulouse, France",,,,,https://electricrocket.org/IEPC_2024/863.pdf,Institut Polytechnique des Sciences Avancees (IPSA),France
Julien Scheiner,A “PLUG & PLAY” SYSTEM COMBINING VAT AND MPDT TECHNOLOGIES,2024,"38th International Electric Propulsion Conference, Toulouse, France",,,,,https://electricrocket.org/IEPC_2024/864.pdf,Comat,France
Stephane Mazouffre,Electron parameters in the plasma plume of a 5 kW Hall thruster firing with xenon and krypton,2024,"38th International Electric Propulsion Conference, Toulouse, France",,,,,https://electricrocket.org/IEPC_2024/866.pdf,CNRS,France
